trial,x_seed,noise_seed,noise_snr_db,algorithm,mse,nmse,snr_db,support_overlap,support_exact,success
0,20260711,2027071101,10,OMP,7.188275259917584e-05,0.004697468815126364,23.281360943489894,8,1,1
0,20260711,2027071101,10,GOMP,7.188275259917588e-05,0.004697468815126366,23.281360943489894,8,1,1
0,20260711,2027071101,10,CoSaMP,7.188275259917573e-05,0.004697468815126357,23.2813609434899,8,1,1
0,20260711,2027071101,10,SP,7.188275259917572e-05,0.004697468815126356,23.2813609434899,8,1,1
0,20260711,2027071101,10,IHT,6.164295656647568e-05,0.00402830798311038,23.948773329912814,8,1,1
0,20260711,2027071101,10,HTP,7.188275259917586e-05,0.0046974688151263655,23.281360943489894,8,1,1
0,20260711,2027071101,10,GP,6.164295656647568e-05,0.00402830798311038,23.948773329912814,8,1,1
0,20260711,2027071101,10,MP,0.001790397869183568,0.11700078048005816,9.318112411850183,8,1,0
1,20260712,2027071102,10,OMP,9.39592154886705e-05,0.006804946418716985,21.671752900267244,8,1,1
1,20260712,2027071102,10,GOMP,9.395921548867032e-05,0.006804946418716972,21.67175290026725,8,1,1
1,20260712,2027071102,10,CoSaMP,9.395921548867039e-05,0.006804946418716977,21.671752900267247,8,1,1
1,20260712,2027071102,10,SP,9.395921548867051e-05,0.006804946418716986,21.671752900267244,8,1,1
1,20260712,2027071102,10,IHT,0.00010154957442820796,0.007354674144877172,21.334365642983432,8,1,1
1,20260712,2027071102,10,HTP,0.004027569084805818,0.29169455787005105,5.35071673411878,6,0,0
1,20260712,2027071102,10,GP,0.00010154957442820796,0.007354674144877172,21.334365642983432,8,1,1
1,20260712,2027071102,10,MP,0.0017353146411657756,0.1256792438222526,9.007364409917223,8,1,0
2,20260713,2027071103,10,OMP,7.572607236065273e-05,0.005726655232052988,22.42098962394622,8,1,1
2,20260713,2027071103,10,GOMP,7.572607236065267e-05,0.0057266552320529825,22.42098962394622,8,1,1
2,20260713,2027071103,10,CoSaMP,7.572607236065283e-05,0.005726655232052995,22.420989623946213,8,1,1
2,20260713,2027071103,10,SP,7.572607236065272e-05,0.005726655232052987,22.42098962394622,8,1,1
2,20260713,2027071103,10,IHT,9.83341422222314e-05,0.007436352005217481,21.28640060763332,8,1,1
2,20260713,2027071103,10,HTP,7.57260723606528e-05,0.005726655232052993,22.420989623946216,8,1,1
2,20260713,2027071103,10,GP,9.83341422222314e-05,0.007436352005217481,21.28640060763332,8,1,1
2,20260713,2027071103,10,MP,0.001148980863732532,0.08688972066959515,10.61031598931425,8,1,0
3,20260714,2027071104,10,OMP,0.0007790995432368525,0.03421515627644298,14.657814720393832,7,0,0
3,20260714,2027071104,10,GOMP,0.004570058505300309,0.20069998411461165,6.974526618868881,7,0,0
3,20260714,2027071104,10,CoSaMP,0.0002100253137119931,0.009223531181663382,20.351027796933003,8,1,1
3,20260714,2027071104,10,SP,0.00021002531371199304,0.009223531181663379,20.351027796933007,8,1,1
3,20260714,2027071104,10,IHT,0.014634014056448416,0.6426715074338422,1.9201095392273397,4,0,0
3,20260714,2027071104,10,HTP,0.00021002531371199317,0.009223531181663386,20.351027796933003,8,1,1
3,20260714,2027071104,10,GP,0.014634014056448416,0.6426715074338422,1.9201095392273397,4,0,0
3,20260714,2027071104,10,MP,0.004862816786083144,0.2135568397181867,6.70486514593994,8,1,0
4,20260715,2027071105,10,OMP,0.0002649928594937219,0.01895916971306188,17.22180685823439,8,1,0
4,20260715,2027071105,10,GOMP,0.0011260927072274057,0.08056738883362817,10.93840711489661,7,0,0
4,20260715,2027071105,10,CoSaMP,0.00026499285949372194,0.018959169713061882,17.221806858234388,8,1,0
4,20260715,2027071105,10,SP,0.00026499285949372177,0.01895916971306187,17.22180685823439,8,1,0
4,20260715,2027071105,10,IHT,0.0002710385417088493,0.019391713878088922,17.123838054182972,8,1,0
4,20260715,2027071105,10,HTP,0.0016933682062023488,0.12115366153424262,9.166634559789127,7,0,0
4,20260715,2027071105,10,GP,0.0002710385417088493,0.019391713878088922,17.123838054182972,8,1,0
4,20260715,2027071105,10,MP,0.002608593212407839,0.18663431732036237,7.290084974996718,8,1,0
5,20260716,2027071106,10,OMP,0.008806791623288896,0.7092991028265797,1.491705894785693,4,0,0
5,20260716,2027071106,10,GOMP,0.00010579648381317309,0.008520850073532937,20.695170761454573,8,1,1
5,20260716,2027071106,10,CoSaMP,0.00010579648381317323,0.008520850073532947,20.69517076145457,8,1,1
5,20260716,2027071106,10,SP,0.00010579648381317338,0.00852085007353296,20.695170761454563,8,1,1
5,20260716,2027071106,10,IHT,0.0011914815600576013,0.09596193911848926,10.179009847564071,7,0,0
5,20260716,2027071106,10,HTP,0.0011777654904690077,0.09485724670953419,10.22929485168121,7,0,0
5,20260716,2027071106,10,GP,0.0011914815600576013,0.09596193911848926,10.179009847564071,7,0,0
5,20260716,2027071106,10,MP,0.003267145611688657,0.2631359466989563,5.798198193919881,7,0,0
6,20260717,2027071107,10,OMP,0.0002367389791059685,0.015457497726693123,18.108608087000043,8,1,0
6,20260717,2027071107,10,GOMP,0.0011426714165787663,0.0746089253693085,11.272092153319468,7,0,0
6,20260717,2027071107,10,CoSaMP,0.00023673897910596884,0.015457497726693145,18.108608087000036,8,1,0
6,20260717,2027071107,10,SP,0.0019446225006037325,0.12697105477042528,8.962952726364232,6,0,0
6,20260717,2027071107,10,IHT,0.0017120301620546841,0.1117843053895435,9.516191674798849,6,0,0
6,20260717,2027071107,10,HTP,0.0017042874807488,0.11127875924274423,9.535877253689364,6,0,0
6,20260717,2027071107,10,GP,0.0017120301620546841,0.1117843053895435,9.516191674798849,6,0,0
6,20260717,2027071107,10,MP,0.002326253089976091,0.1518890213424585,8.184736161484128,8,1,0
7,20260718,2027071108,10,OMP,0.00023298520014363325,0.013805689267213095,18.59941905759634,8,1,0
7,20260718,2027071108,10,GOMP,0.0022388931464073798,0.13266706667521336,8.772368731893717,7,0,0
7,20260718,2027071108,10,CoSaMP,0.0002329852001436334,0.013805689267213104,18.59941905759634,8,1,0
7,20260718,2027071108,10,SP,0.00023298520014363404,0.013805689267213142,18.599419057596325,8,1,0
7,20260718,2027071108,10,IHT,0.00021994695434216413,0.013033099549009282,18.84952287514525,8,1,0
7,20260718,2027071108,10,HTP,0.00023298520014363377,0.013805689267213126,18.599419057596332,8,1,0
7,20260718,2027071108,10,GP,0.00021994695434216413,0.013033099549009282,18.84952287514525,8,1,0
7,20260718,2027071108,10,MP,0.005456393454865806,0.32332213596010745,4.903645607882952,7,0,0
8,20260719,2027071109,10,OMP,8.93019995628978e-05,0.005281218216391719,22.77265887384287,8,1,1
8,20260719,2027071109,10,GOMP,0.00236652624473438,0.13995365808642973,8.540157455294505,6,0,0
8,20260719,2027071109,10,CoSaMP,8.930199956289778e-05,0.005281218216391718,22.77265887384288,8,1,1
8,20260719,2027071109,10,SP,8.93019995628978e-05,0.005281218216391719,22.77265887384287,8,1,1
8,20260719,2027071109,10,IHT,0.0037335592088783547,0.22079842559424087,6.560040276736866,5,0,0
8,20260719,2027071109,10,HTP,0.002423125030624783,0.14330084561339568,8.437512468381893,6,0,0
8,20260719,2027071109,10,GP,0.0037335592088783547,0.22079842559424087,6.560040276736866,5,0,0
8,20260719,2027071109,10,MP,0.001274880302255161,0.07539496437867284,11.22657659641984,8,1,0
9,20260720,2027071110,10,OMP,0.00015249057079540158,0.012608807703596082,18.993259786315456,8,1,0
9,20260720,2027071110,10,GOMP,0.000815149178598449,0.06740127726639791,11.713318734276983,7,0,0
9,20260720,2027071110,10,CoSaMP,0.0008180973264716767,0.06764504728720247,11.697639952907213,7,0,0
9,20260720,2027071110,10,SP,0.0009030282837857682,0.07466763303312715,11.268676156055161,7,0,0
9,20260720,2027071110,10,IHT,0.0001358836383946906,0.011235649900494079,19.494018017463915,8,1,0
9,20260720,2027071110,10,HTP,0.00015249057079540164,0.012608807703596086,18.993259786315452,8,1,0
9,20260720,2027071110,10,GP,0.0001358836383946906,0.011235649900494079,19.494018017463915,8,1,0
9,20260720,2027071110,10,MP,0.0014512193124316633,0.11999525708869307,9.208359194600106,8,1,0
10,20260721,2027071111,10,OMP,0.00023710984315192856,0.01359967264706098,18.664715452537582,8,1,0
10,20260721,2027071111,10,GOMP,0.0002371098431519284,0.013599672647060971,18.664715452537585,8,1,0
10,20260721,2027071111,10,CoSaMP,0.0012425661024167707,0.07126862390261374,11.471016267407352,7,0,0
10,20260721,2027071111,10,SP,0.00023710984315192826,0.013599672647060964,18.66471545253759,8,1,0
10,20260721,2027071111,10,IHT,0.002795886476407281,0.16036087043894,7.94901595064304,6,0,0
10,20260721,2027071111,10,HTP,0.002785913576156351,0.15978886475182252,7.964534887600573,6,0,0
10,20260721,2027071111,10,GP,0.002795886476407281,0.16036087043894,7.94901595064304,6,0,0
10,20260721,2027071111,10,MP,0.001971816812339112,0.1130955291071605,9.465545632661291,8,1,0
11,20260722,2027071112,10,OMP,0.00012762282716794943,0.009904055463927515,20.041869362146866,8,1,1
11,20260722,2027071112,10,GOMP,0.00012762282716794935,0.009904055463927508,20.04186936214687,8,1,1
11,20260722,2027071112,10,CoSaMP,0.0001276228271679495,0.00990405546392752,20.041869362146866,8,1,1
11,20260722,2027071112,10,SP,0.0001276228271679495,0.00990405546392752,20.041869362146866,8,1,1
11,20260722,2027071112,10,IHT,0.0016902843000513382,0.13117300273785595,8.82155539719916,6,0,0
11,20260722,2027071112,10,HTP,0.0016925989308871387,0.1313526275956106,8.815612351058483,6,0,0
11,20260722,2027071112,10,GP,0.0016902843000513382,0.13117300273785595,8.82155539719916,6,0,0
11,20260722,2027071112,10,MP,0.001134842158220061,0.08806841164099623,10.551798363100275,8,1,0
12,20260723,2027071113,10,OMP,0.026112630256221986,1.173466853990612,-0.6947082692798469,2,0,0
12,20260723,2027071113,10,GOMP,0.012238364352182835,0.5499758076237802,2.5965641386316687,5,0,0
12,20260723,2027071113,10,CoSaMP,0.0002353042951472912,0.010574261889653085,19.757499377532316,8,1,0
12,20260723,2027071113,10,SP,0.00023530429514729133,0.01057426188965309,19.757499377532316,8,1,0
12,20260723,2027071113,10,IHT,0.01933275265446235,0.8687881769782652,0.6108609787037173,3,0,0
12,20260723,2027071113,10,HTP,0.019334695667342652,0.8688754933914161,0.6104245186788051,3,0,0
12,20260723,2027071113,10,GP,0.01933275265446235,0.8687881769782652,0.6108609787037173,3,0,0
12,20260723,2027071113,10,MP,0.01956644667007007,0.8792900750483105,0.5586782889589761,4,0,0
13,20260724,2027071114,10,OMP,0.0015902083618733695,0.11297658803912457,9.470115453560732,7,0,0
13,20260724,2027071114,10,GOMP,0.0015902083618733699,0.1129765880391246,9.470115453560732,7,0,0
13,20260724,2027071114,10,CoSaMP,0.00159020836187337,0.11297658803912462,9.47011545356073,7,0,0
13,20260724,2027071114,10,SP,0.0003349366319785482,0.023795622509288232,16.23502929284535,8,1,0
13,20260724,2027071114,10,IHT,0.0010333077593888704,0.07341150244775496,11.342358875197188,7,0,0
13,20260724,2027071114,10,HTP,0.0011348427428932838,0.08062507035367626,10.935298933898533,7,0,0
13,20260724,2027071114,10,GP,0.0010333077593888704,0.07341150244775496,11.342358875197188,7,0,0
13,20260724,2027071114,10,MP,0.003002226824657794,0.21329364836806347,6.710220771327223,7,0,0
14,20260725,2027071115,10,OMP,0.00022605803912150384,0.01761520753604465,17.541122357510876,8,1,0
14,20260725,2027071115,10,GOMP,0.00022605803912150384,0.01761520753604465,17.541122357510876,8,1,0
14,20260725,2027071115,10,CoSaMP,0.00022605803912150392,0.017615207536044657,17.541122357510876,8,1,0
14,20260725,2027071115,10,SP,0.00022605803912150398,0.01761520753604466,17.541122357510872,8,1,0
14,20260725,2027071115,10,IHT,0.0013245454550230218,0.10321306498024801,9.862653250954862,7,0,0
14,20260725,2027071115,10,HTP,0.0013050104375936487,0.10169083030292385,9.927182066483892,7,0,0
14,20260725,2027071115,10,GP,0.0013245454550230218,0.10321306498024801,9.862653250954862,7,0,0
14,20260725,2027071115,10,MP,0.0015081750403530035,0.11752210379132452,9.298804427386866,8,1,0
15,20260726,2027071116,10,OMP,0.001889308535160958,0.12275578386085689,9.109580361526357,7,0,0
15,20260726,2027071116,10,GOMP,0.0018893085351609576,0.12275578386085687,9.109580361526357,7,0,0
15,20260726,2027071116,10,CoSaMP,0.0031094535230762844,0.20203338814198152,6.945768528920137,6,0,0
15,20260726,2027071116,10,SP,0.004009229698610062,0.2604953744567593,5.841999839411953,6,0,0
15,20260726,2027071116,10,IHT,0.00437765340825106,0.2844333075302753,5.460195484851002,5,0,0
15,20260726,2027071116,10,HTP,0.004374130514644296,0.2842044113187204,5.4636918539338435,5,0,0
15,20260726,2027071116,10,GP,0.00437765340825106,0.2844333075302753,5.460195484851002,5,0,0
15,20260726,2027071116,10,MP,0.004245115538648637,0.27582180243647786,5.5937140783523445,7,0,0
16,20260727,2027071117,10,OMP,0.00011315920967145834,0.006591567867659083,21.81011272009171,8,1,1
16,20260727,2027071117,10,GOMP,0.00011315920967145823,0.006591567867659077,21.810112720091716,8,1,1
16,20260727,2027071117,10,CoSaMP,0.00011315920967145832,0.006591567867659081,21.81011272009171,8,1,1
16,20260727,2027071117,10,SP,0.00011315920967145838,0.006591567867659086,21.81011272009171,8,1,1
16,20260727,2027071117,10,IHT,0.00018903047862030251,0.011011098720991494,19.581693436389383,8,1,0
16,20260727,2027071117,10,HTP,0.00011315920967145859,0.006591567867659097,21.810112720091702,8,1,1
16,20260727,2027071117,10,GP,0.00018903047862030251,0.011011098720991494,19.581693436389383,8,1,0
16,20260727,2027071117,10,MP,0.0025765658746318134,0.15008596187123852,8.236599271236301,8,1,0
17,20260728,2027071118,10,OMP,0.00017088703943027856,0.012939075527323107,18.88096752085006,8,1,0
17,20260728,2027071118,10,GOMP,0.0001708870394302781,0.012939075527323072,18.88096752085007,8,1,0
17,20260728,2027071118,10,CoSaMP,0.00017088703943027856,0.012939075527323107,18.88096752085006,8,1,0
17,20260728,2027071118,10,SP,0.00017088703943027856,0.012939075527323107,18.88096752085006,8,1,0
17,20260728,2027071118,10,IHT,0.0008676124349320726,0.06569312021237872,11.82480110048261,7,0,0
17,20260728,2027071118,10,HTP,0.0001708870394302785,0.012939075527323103,18.880967520850064,8,1,0
17,20260728,2027071118,10,GP,0.0008676124349320726,0.06569312021237872,11.82480110048261,7,0,0
17,20260728,2027071118,10,MP,0.00197414183663546,0.14947634654467917,8.25427525586088,8,1,0
18,20260729,2027071119,10,OMP,0.0003909707630415985,0.02128551838045068,16.71915768694368,8,1,0
18,20260729,2027071119,10,GOMP,0.002102758541023062,0.11447992997326464,9.412706449037138,7,0,0
18,20260729,2027071119,10,CoSaMP,0.002471296891740467,0.1345441664319424,8.711351276389104,7,0,0
18,20260729,2027071119,10,SP,0.0021920910298072484,0.11934343515506998,9.232014656755947,7,0,0
18,20260729,2027071119,10,IHT,0.00039411631248264004,0.021456770701015586,16.684356398845818,8,1,0
18,20260729,2027071119,10,HTP,0.0003909707630415984,0.021285518380450674,16.71915768694368,8,1,0
18,20260729,2027071119,10,GP,0.00039411631248264004,0.021456770701015586,16.684356398845818,8,1,0
18,20260729,2027071119,10,MP,0.0031841245997358265,0.17335245777984398,7.6106999656508565,8,1,0
19,20260730,2027071120,10,OMP,9.446865385550073e-05,0.0068837975165887385,21.62171912708436,8,1,1
19,20260730,2027071120,10,GOMP,9.446865385550083e-05,0.006883797516588746,21.621719127084358,8,1,1
19,20260730,2027071120,10,CoSaMP,0.012963171109046311,0.944607988424002,0.24748385973173076,2,0,0
19,20260730,2027071120,10,SP,9.446865385550083e-05,0.006883797516588746,21.621719127084358,8,1,1
19,20260730,2027071120,10,IHT,0.013322218483594838,0.9707712640120656,0.12883087784787434,3,0,0
19,20260730,2027071120,10,HTP,0.013458444751927319,0.9806978799779887,0.08464763534327882,3,0,0
19,20260730,2027071120,10,GP,0.013322218483594838,0.9707712640120656,0.12883087784787434,3,0,0
19,20260730,2027071120,10,MP,0.0020179618321651206,0.14704603148126957,8.32546691857646,8,1,0
20,20260731,2027071121,10,OMP,0.005860774334689015,0.5969988810222343,2.2402648288457474,4,0,0
20,20260731,2027071121,10,GOMP,0.005860774334689015,0.5969988810222343,2.2402648288457474,4,0,0
20,20260731,2027071121,10,CoSaMP,8.800387465885609e-05,0.008964381103362484,20.474796885527372,8,1,1
20,20260731,2027071121,10,SP,8.800387465885621e-05,0.008964381103362496,20.47479688552737,8,1,1
20,20260731,2027071121,10,IHT,0.0038325602050145583,0.39039792750618574,4.084924965253673,5,0,0
20,20260731,2027071121,10,HTP,0.003817787795761412,0.3888931584619432,4.101696970386065,5,0,0
20,20260731,2027071121,10,GP,0.0038325602050145583,0.39039792750618574,4.084924965253673,5,0,0
20,20260731,2027071121,10,MP,0.0007565145923976452,0.07706121057506143,11.131641728218558,8,1,0
21,20260732,2027071122,10,OMP,0.0003003501373808117,0.01920438030610214,17.165997022443115,8,1,0
21,20260732,2027071122,10,GOMP,0.0009266358290133388,0.05924907183601402,12.273184486875587,7,0,0
21,20260732,2027071122,10,CoSaMP,0.0011922622788040965,0.07623322042214799,11.178557333583148,7,0,0
21,20260732,2027071122,10,SP,0.0011922622788040965,0.07623322042214799,11.178557333583148,7,0,0
21,20260732,2027071122,10,IHT,0.0003006228263476653,0.019221816031853432,17.162055836105107,8,1,0
21,20260732,2027071122,10,HTP,0.00030035013738081154,0.01920438030610213,17.165997022443115,8,1,0
21,20260732,2027071122,10,GP,0.0003006228263476653,0.019221816031853432,17.162055836105107,8,1,0
21,20260732,2027071122,10,MP,0.0018820409126253305,0.1203376490947777,9.19598477098463,8,1,0
22,20260733,2027071123,10,OMP,0.0002090719870651755,0.014950354569772412,18.253485072813863,8,1,0
22,20260733,2027071123,10,GOMP,0.0046381306850816215,0.3316642236785901,4.79301372909058,5,0,0
22,20260733,2027071123,10,CoSaMP,0.0007680885867892643,0.05492460694849173,12.60233042294788,7,0,0
22,20260733,2027071123,10,SP,0.0009154738818899065,0.06546385924649682,11.839983956052615,7,0,0
22,20260733,2027071123,10,IHT,0.0007677187418505004,0.054898160014839964,12.604422112656277,7,0,0
22,20260733,2027071123,10,HTP,0.0007563546419175362,0.05408553405882808,12.669188775647886,7,0,0
22,20260733,2027071123,10,GP,0.0007677187418505004,0.054898160014839964,12.604422112656277,7,0,0
22,20260733,2027071123,10,MP,0.0019381814437326441,0.13859580238897992,8.582499228765155,8,1,0
23,20260734,2027071124,10,OMP,0.00017407496683197207,0.010770534995866356,19.67762723816044,8,1,0
23,20260734,2027071124,10,GOMP,0.001624459205364838,0.10051011376970559,9.977902354238111,7,0,0
23,20260734,2027071124,10,CoSaMP,0.00017407496683197177,0.010770534995866337,19.677627238160447,8,1,0
23,20260734,2027071124,10,SP,0.0001740749668319718,0.010770534995866339,19.677627238160447,8,1,0
23,20260734,2027071124,10,IHT,0.0069494337972310655,0.42998210068184367,3.6654962287832578,5,0,0
23,20260734,2027071124,10,HTP,0.0077348326521640125,0.47857705954766366,3.2004812300349013,4,0,0
23,20260734,2027071124,10,GP,0.0069494337972310655,0.42998210068184367,3.6654962287832578,5,0,0
23,20260734,2027071124,10,MP,0.001392436264611325,0.0861541655899668,10.647237193883202,8,1,0
24,20260735,2027071125,10,OMP,0.0003935488343023746,0.01726960714188179,17.627175418797634,8,1,0
24,20260735,2027071125,10,GOMP,0.0011989682227814104,0.05261281035106913,12.789084994314386,7,0,0
24,20260735,2027071125,10,CoSaMP,0.0003935488343023746,0.01726960714188179,17.627175418797634,8,1,0
24,20260735,2027071125,10,SP,0.0015846939638057083,0.0695391265573135,11.57770768552405,7,0,0
24,20260735,2027071125,10,IHT,0.0003307214451533171,0.01451263206335644,18.382538152033437,8,1,0
24,20260735,2027071125,10,HTP,0.00039354883430237455,0.01726960714188179,17.627175418797634,8,1,0
24,20260735,2027071125,10,GP,0.0003307214451533171,0.01451263206335644,18.382538152033437,8,1,0
24,20260735,2027071125,10,MP,0.002498082099440379,0.10962018612499884,9.601094648710863,8,1,0
25,20260736,2027071126,10,OMP,0.00026995433412986796,0.019814195189454792,17.03023563091444,8,1,0
25,20260736,2027071126,10,GOMP,0.0010030161579168402,0.07361970310719458,11.330059383042814,7,0,0
25,20260736,2027071126,10,CoSaMP,0.0002699543341298681,0.019814195189454806,17.030235630914436,8,1,0
25,20260736,2027071126,10,SP,0.00026995433412986807,0.0198141951894548,17.03023563091444,8,1,0
25,20260736,2027071126,10,IHT,0.0002613408741760915,0.019181981680711585,17.171065281069286,8,1,0
25,20260736,2027071126,10,HTP,0.00026995433412986807,0.0198141951894548,17.03023563091444,8,1,0
25,20260736,2027071126,10,GP,0.0002613408741760915,0.019181981680711585,17.171065281069286,8,1,0
25,20260736,2027071126,10,MP,0.0016270663933563947,0.11942394334241913,9.229085926452935,8,1,0
26,20260737,2027071127,10,OMP,0.00027116952136867125,0.02159427295348972,16.656614134086983,8,1,0
26,20260737,2027071127,10,GOMP,0.00027116952136867125,0.02159427295348972,16.656614134086983,8,1,0
26,20260737,2027071127,10,CoSaMP,0.00027116952136867125,0.02159427295348972,16.656614134086983,8,1,0
26,20260737,2027071127,10,SP,0.00027116952136867125,0.02159427295348972,16.656614134086983,8,1,0
26,20260737,2027071127,10,IHT,0.00026991363467599046,0.021494261861153375,16.67677464486601,8,1,0
26,20260737,2027071127,10,HTP,0.00027116952136867125,0.02159427295348972,16.656614134086983,8,1,0
26,20260737,2027071127,10,GP,0.00026991363467599046,0.021494261861153375,16.67677464486601,8,1,0
26,20260737,2027071127,10,MP,0.0018936670003460822,0.1507999936058219,8.215986768810744,8,1,0
27,20260738,2027071128,10,OMP,0.008897852947275074,0.5986828692128076,2.228031686336522,5,0,0
27,20260738,2027071128,10,GOMP,0.009304924826982976,0.6260722812837288,2.0337552373765164,4,0,0
27,20260738,2027071128,10,CoSaMP,0.009451687497471066,0.6359470563763034,1.965790385665299,4,0,0
27,20260738,2027071128,10,SP,0.009579447029330179,0.6445432248627834,1.9074795233709212,4,0,0
27,20260738,2027071128,10,IHT,0.011841737417157517,0.7967591030530161,0.98672965967679,3,0,0
27,20260738,2027071128,10,HTP,0.011919525100848821,0.8019929672152678,0.958294400861524,3,0,0
27,20260738,2027071128,10,GP,0.011841737417157517,0.7967591030530161,0.98672965967679,3,0,0
27,20260738,2027071128,10,MP,0.004917546263121008,0.33087203438146356,4.803399382709891,7,0,0
28,20260739,2027071129,10,OMP,0.00017807706211816089,0.010165452244969756,19.928732955182358,8,1,0
28,20260739,2027071129,10,GOMP,0.00017807706211816113,0.01016545224496977,19.928732955182355,8,1,0
28,20260739,2027071129,10,CoSaMP,0.00017807706211816083,0.010165452244969753,19.92873295518236,8,1,0
28,20260739,2027071129,10,SP,0.0001780770621181608,0.010165452244969751,19.92873295518236,8,1,0
28,20260739,2027071129,10,IHT,0.004615469314967619,0.263472074119768,5.792654096673799,5,0,0
28,20260739,2027071129,10,HTP,0.00017807706211816053,0.010165452244969737,19.928732955182365,8,1,0
28,20260739,2027071129,10,GP,0.004615469314967619,0.263472074119768,5.792654096673799,5,0,0
28,20260739,2027071129,10,MP,0.002101958635682926,0.1199894016544282,9.208571123379572,8,1,0
29,20260740,2027071130,10,OMP,0.003168092142627821,0.23883967977841083,6.218935197652636,6,0,0
29,20260740,2027071130,10,GOMP,0.0030160026313004627,0.22737378530699848,6.432596080422671,6,0,0
29,20260740,2027071130,10,CoSaMP,0.005257646380300373,0.39636933565242655,4.018999512404071,4,0,0
29,20260740,2027071130,10,SP,0.00020521608498922015,0.015471060126284492,18.104799260407205,8,1,0
29,20260740,2027071130,10,IHT,0.00020467422545987133,0.01543020981302081,18.11628168556576,8,1,0
29,20260740,2027071130,10,HTP,0.00020521608498922015,0.015471060126284492,18.104799260407205,8,1,0
29,20260740,2027071130,10,GP,0.00020467422545987133,0.01543020981302081,18.11628168556576,8,1,0
29,20260740,2027071130,10,MP,0.004858784695147926,0.36629950407275863,4.361636693196488,5,0,0
30,20260741,2027071131,10,OMP,5.367207230287661e-05,0.0035054678852406407,24.552540072503277,8,1,1
30,20260741,2027071131,10,GOMP,0.0018066597981496212,0.11799782699333937,9.281259904353277,6,0,0
30,20260741,2027071131,10,CoSaMP,0.0017949776869900338,0.11723483678735937,9.30943316846844,6,0,0
30,20260741,2027071131,10,SP,0.0007684166234366921,0.05018736337851455,12.994056196245761,7,0,0
30,20260741,2027071131,10,IHT,0.0018361286137900151,0.11992251486938289,9.21099272567686,6,0,0
30,20260741,2027071131,10,HTP,0.0017949776869900338,0.11723483678735937,9.30943316846844,6,0,0
30,20260741,2027071131,10,GP,0.0018361286137900151,0.11992251486938289,9.21099272567686,6,0,0
30,20260741,2027071131,10,MP,0.0031045831716634453,0.20276870518266635,6.929990720962936,7,0,0
31,20260742,2027071132,10,OMP,0.00016755100840797215,0.01573963183052455,18.030054305437673,8,1,0
31,20260742,2027071132,10,GOMP,0.0001675510084079723,0.015739631830524566,18.03005430543767,8,1,0
31,20260742,2027071132,10,CoSaMP,0.0006735667266372898,0.06327441649738279,11.987718511185076,7,0,0
31,20260742,2027071132,10,SP,0.0008224095721231545,0.07725661577398048,11.120643200441176,7,0,0
31,20260742,2027071132,10,IHT,0.0008237466637740267,0.07738222128664414,11.113588078444687,7,0,0
31,20260742,2027071132,10,HTP,0.0008224095721231542,0.07725661577398045,11.120643200441178,7,0,0
31,20260742,2027071132,10,GP,0.0008237466637740267,0.07738222128664414,11.113588078444687,7,0,0
31,20260742,2027071132,10,MP,0.0011832205384048067,0.11115096128493714,9.540867769691431,8,1,0
32,20260743,2027071133,10,OMP,0.0008723232398457216,0.05343385425328751,12.721834984623575,7,0,0
32,20260743,2027071133,10,GOMP,0.0008723232398457216,0.05343385425328751,12.721834984623575,7,0,0
32,20260743,2027071133,10,CoSaMP,0.0009700367091981078,0.05941925856382944,12.26072771644548,7,0,0
32,20260743,2027071133,10,SP,0.0009700367091981073,0.05941925856382941,12.260727716445484,7,0,0
32,20260743,2027071133,10,IHT,0.004866617683877378,0.2981029601742197,5.256337113845242,5,0,0
32,20260743,2027071133,10,HTP,0.00485899550932202,0.29763606654387675,5.263144435834058,5,0,0
32,20260743,2027071133,10,GP,0.004866617683877378,0.2981029601742197,5.256337113845242,5,0,0
32,20260743,2027071133,10,MP,0.0109959724823551,0.6735544396355156,1.7162729693013203,4,0,0
33,20260744,2027071134,10,OMP,9.623277148800466e-05,0.005109710785243917,22.916036806729686,8,1,1
33,20260744,2027071134,10,GOMP,9.623277148800454e-05,0.005109710785243911,22.91603680672969,8,1,1
33,20260744,2027071134,10,CoSaMP,9.623277148800453e-05,0.00510971078524391,22.916036806729693,8,1,1
33,20260744,2027071134,10,SP,9.623277148800481e-05,0.005109710785243925,22.91603680672968,8,1,1
33,20260744,2027071134,10,IHT,0.003070772281219081,0.16305005043244591,7.876790625278827,6,0,0
33,20260744,2027071134,10,HTP,9.623277148800477e-05,0.005109710785243923,22.91603680672968,8,1,1
33,20260744,2027071134,10,GP,0.003070772281219081,0.16305005043244591,7.876790625278827,6,0,0
33,20260744,2027071134,10,MP,0.0029291382175133827,0.1555296486848444,8.08186808998288,8,1,0
34,20260745,2027071135,10,OMP,0.00011851245096734022,0.00874597233435765,20.58191900768296,8,1,1
34,20260745,2027071135,10,GOMP,0.0001185124509673401,0.00874597233435764,20.581919007682963,8,1,1
34,20260745,2027071135,10,CoSaMP,0.012333134958608038,0.9101597027438972,0.4088239676126787,3,0,0
34,20260745,2027071135,10,SP,0.00011851245096734035,0.008745972334357659,20.581919007682956,8,1,1
34,20260745,2027071135,10,IHT,0.008700060803782488,0.642046388173004,1.9243359280379506,4,0,0
34,20260745,2027071135,10,HTP,0.008642221003723888,0.6377779312555388,1.953305125307538,4,0,0
34,20260745,2027071135,10,GP,0.008700060803782488,0.642046388173004,1.9243359280379506,4,0,0
34,20260745,2027071135,10,MP,0.0017116533719764516,0.12631645801875702,8.985400606792705,8,1,0
35,20260746,2027071136,10,OMP,0.0002594532662465011,0.015299622589012022,18.153192822236498,8,1,0
35,20260746,2027071136,10,GOMP,0.00025945326624650123,0.015299622589012027,18.153192822236498,8,1,0
35,20260746,2027071136,10,CoSaMP,0.0011631347966714071,0.06858855032610231,11.6374837620592,7,0,0
35,20260746,2027071136,10,SP,0.0011843027792021036,0.0698367988001946,11.559156761649454,7,0,0
35,20260746,2027071136,10,IHT,0.0002812462373390691,0.016584725827962037,17.80291703667405,8,1,0
35,20260746,2027071136,10,HTP,0.00025945326624650123,0.015299622589012027,18.153192822236498,8,1,0
35,20260746,2027071136,10,GP,0.0002812462373390691,0.016584725827962037,17.80291703667405,8,1,0
35,20260746,2027071136,10,MP,0.0044408492995214235,0.26187112322881556,5.819123889890872,8,1,0
36,20260747,2027071137,10,OMP,0.007050522187313147,0.3787973229419118,4.215930989287001,5,0,0
36,20260747,2027071137,10,GOMP,0.0033204783269451437,0.17839647443373038,7.486137326342563,6,0,0
36,20260747,2027071137,10,CoSaMP,0.0022054883295896323,0.11849236876829873,9.26309618502295,7,0,0
36,20260747,2027071137,10,SP,0.00035407139871443887,0.019022888574787882,17.20723535934857,8,1,0
36,20260747,2027071137,10,IHT,0.002184769289892232,0.11737921479717518,9.30408800005565,7,0,0
36,20260747,2027071137,10,HTP,0.00035407139871443887,0.019022888574787882,17.20723535934857,8,1,0
36,20260747,2027071137,10,GP,0.002184769289892232,0.11737921479717518,9.30408800005565,7,0,0
36,20260747,2027071137,10,MP,0.006802745383139315,0.36548523234569497,4.371301662857227,7,0,0
37,20260748,2027071138,10,OMP,0.0002367717294972445,0.01751850678236989,17.5650291436737,8,1,0
37,20260748,2027071138,10,GOMP,0.0041527645970636145,0.30725895745121523,5.124954473676938,5,0,0
37,20260748,2027071138,10,CoSaMP,0.00023677172949724428,0.017518506782369873,17.565029143673705,8,1,0
37,20260748,2027071138,10,SP,0.00023677172949724428,0.017518506782369873,17.565029143673705,8,1,0
37,20260748,2027071138,10,IHT,0.002979912778241048,0.2204808079382384,6.566292083243742,6,0,0
37,20260748,2027071138,10,HTP,0.00023677172949724417,0.017518506782369866,17.56502914367371,8,1,0
37,20260748,2027071138,10,GP,0.002979912778241048,0.2204808079382384,6.566292083243742,6,0,0
37,20260748,2027071138,10,MP,0.0009901934575042579,0.07326343748039611,11.351127083339827,8,1,0
38,20260749,2027071139,10,OMP,0.0003003353359491024,0.023663487791844864,16.25921243769041,8,1,0
38,20260749,2027071139,10,GOMP,0.0003003353359491023,0.023663487791844857,16.259212437690415,8,1,0
38,20260749,2027071139,10,CoSaMP,0.00030033533594910213,0.023663487791844844,16.259212437690415,8,1,0
38,20260749,2027071139,10,SP,0.000300335335949102,0.023663487791844837,16.259212437690415,8,1,0
38,20260749,2027071139,10,IHT,0.00030512971838923814,0.024041238248623663,16.190431676719847,8,1,0
38,20260749,2027071139,10,HTP,0.00030033533594910257,0.02366348779184488,16.259212437690408,8,1,0
38,20260749,2027071139,10,GP,0.00030512971838923814,0.024041238248623663,16.190431676719847,8,1,0
38,20260749,2027071139,10,MP,0.0041620834309073354,0.32793147747558565,4.842168942857167,7,0,0
39,20260750,2027071140,10,OMP,0.00022379321267885683,0.012125346522377975,19.163058411293136,8,1,0
39,20260750,2027071140,10,GOMP,0.001294698507653945,0.07014809725189164,11.539841045958653,7,0,0
39,20260750,2027071140,10,CoSaMP,0.00022379321267885645,0.012125346522377954,19.163058411293143,8,1,0
39,20260750,2027071140,10,SP,0.0002237932126788564,0.01212534652237795,19.163058411293143,8,1,0
39,20260750,2027071140,10,IHT,0.003333825266968643,0.1806300831163373,7.4320991823396945,6,0,0
39,20260750,2027071140,10,HTP,0.0032771466307911436,0.17755917629194592,7.5065687836109065,6,0,0
39,20260750,2027071140,10,GP,0.003333825266968643,0.1806300831163373,7.4320991823396945,6,0,0
39,20260750,2027071140,10,MP,0.001469071254815228,0.07959579210411942,10.991098909842623,8,1,0
40,20260751,2027071141,10,OMP,0.001567100293287784,0.11093831084531222,9.549184510058113,7,0,0
40,20260751,2027071141,10,GOMP,0.0015671002932877835,0.1109383108453122,9.549184510058115,7,0,0
40,20260751,2027071141,10,CoSaMP,0.000546032093148923,0.03865475511728941,14.127970736945858,8,1,0
40,20260751,2027071141,10,SP,0.0005460320931489229,0.038654755117289406,14.127970736945858,8,1,0
40,20260751,2027071141,10,IHT,0.0035726486392176258,0.2529152773285977,5.97024936337228,5,0,0
40,20260751,2027071141,10,HTP,0.003561664604268792,0.25213769449697626,5.983622225969336,5,0,0
40,20260751,2027071141,10,GP,0.0035726486392176258,0.2529152773285977,5.97024936337228,5,0,0
40,20260751,2027071141,10,MP,0.002687429669654967,0.1902487730645501,7.20678135361667,7,0,0
41,20260752,2027071142,10,OMP,0.0010840991797321962,0.07904681765456625,11.021156096391913,7,0,0
41,20260752,2027071142,10,GOMP,0.00101240512031414,0.07381926343472571,11.318302924894553,7,0,0
41,20260752,2027071142,10,CoSaMP,0.002024122279513908,0.14758836435869788,8.309478802772233,6,0,0
41,20260752,2027071142,10,SP,0.0007938870228943578,0.057886071597765515,12.37425922557967,7,0,0
41,20260752,2027071142,10,IHT,0.003103409949342849,0.2262843519849085,6.453454773381337,5,0,0
41,20260752,2027071142,10,HTP,0.0017616037709684833,0.1284468936668143,8.912763941588192,6,0,0
41,20260752,2027071142,10,GP,0.003103409949342849,0.2262843519849085,6.453454773381337,5,0,0
41,20260752,2027071142,10,MP,0.002296635276568397,0.16745858065384062,7.760925941071665,7,0,0
42,20260753,2027071143,10,OMP,0.00023114696018469664,0.012032247157498385,19.196532557056194,8,1,0
42,20260753,2027071143,10,GOMP,0.0012659367587743696,0.06589774728235463,11.811294315298873,7,0,0
42,20260753,2027071143,10,CoSaMP,0.002484190764700465,0.1293133911143247,8.883564992037194,6,0,0
42,20260753,2027071143,10,SP,0.005249287275792972,0.2732491997843459,5.634411012163265,6,0,0
42,20260753,2027071143,10,IHT,0.009455233632287929,0.49218777484538034,3.0786917767736224,4,0,0
42,20260753,2027071143,10,HTP,0.0015630243474272802,0.08136250308637102,10.895756989757157,7,0,0
42,20260753,2027071143,10,GP,0.009455233632287929,0.49218777484538034,3.0786917767736224,4,0,0
42,20260753,2027071143,10,MP,0.002212009715310508,0.11514513359006215,9.387544120170997,8,1,0
43,20260754,2027071144,10,OMP,0.00218005386643051,0.129676941493084,8.871372411294724,7,0,0
43,20260754,2027071144,10,GOMP,0.0021800538664305093,0.12967694149308395,8.871372411294725,7,0,0
43,20260754,2027071144,10,CoSaMP,0.0021800538664305097,0.12967694149308398,8.871372411294725,7,0,0
43,20260754,2027071144,10,SP,0.0001773526060807395,0.01054952993433803,19.767668912166435,8,1,0
43,20260754,2027071144,10,IHT,0.00025431117567119294,0.015127284676936623,18.202390201363237,8,1,0
43,20260754,2027071144,10,HTP,0.0001773526060807393,0.01054952993433802,19.76766891216644,8,1,0
43,20260754,2027071144,10,GP,0.00025431117567119294,0.015127284676936623,18.202390201363237,8,1,0
43,20260754,2027071144,10,MP,0.0029421813482219195,0.17501084924113197,7.5693502777366,7,0,0
44,20260755,2027071145,10,OMP,0.0055351629200354096,0.2853402445538791,5.446369708768682,6,0,0
44,20260755,2027071145,10,GOMP,0.007448082370720918,0.3839521394079123,4.1572290814934,6,0,0
44,20260755,2027071145,10,CoSaMP,0.00021027741731868374,0.010839899484202982,19.649747448878884,8,1,0
44,20260755,2027071145,10,SP,0.00021027741731868322,0.010839899484202956,19.649747448878895,8,1,0
44,20260755,2027071145,10,IHT,0.011974235609902333,0.6172774616819123,2.0951957990292374,4,0,0
44,20260755,2027071145,10,HTP,0.0119608274569893,0.6165862651107379,2.1000615371436417,4,0,0
44,20260755,2027071145,10,GP,0.011974235609902333,0.6172774616819123,2.0951957990292374,4,0,0
44,20260755,2027071145,10,MP,0.0074037906807121875,0.38166888201488236,4.183132472296595,6,0,0
45,20260756,2027071146,10,OMP,0.0014410001983136303,0.09458791475222586,10.241643487113524,7,0,0
45,20260756,2027071146,10,GOMP,0.0010211827808364236,0.06703090668081481,11.737249061648058,7,0,0
45,20260756,2027071146,10,CoSaMP,0.0014410001983136294,0.0945879147522258,10.24164348711353,7,0,0
45,20260756,2027071146,10,SP,0.0014410001983136296,0.09458791475222582,10.241643487113528,7,0,0
45,20260756,2027071146,10,IHT,0.001444352605886804,0.09480796832481882,10.23155159981889,7,0,0
45,20260756,2027071146,10,HTP,0.0014410001983136294,0.0945879147522258,10.24164348711353,7,0,0
45,20260756,2027071146,10,GP,0.001444352605886804,0.09480796832481882,10.23155159981889,7,0,0
45,20260756,2027071146,10,MP,0.0017086037517681516,0.11215353488966312,9.501870336380229,8,1,0
46,20260757,2027071147,10,OMP,0.0002781484909365574,0.015949084805865994,17.972642326798866,8,1,0
46,20260757,2027071147,10,GOMP,0.0002781484909365573,0.01594908480586599,17.972642326798866,8,1,0
46,20260757,2027071147,10,CoSaMP,0.0015977610983419475,0.09161591052018928,10.380290978268397,7,0,0
46,20260757,2027071147,10,SP,0.0037398514128662713,0.2144437568016387,6.686865930531023,6,0,0
46,20260757,2027071147,10,IHT,0.004657040643529788,0.2670355532684259,5.734309125666574,6,0,0
46,20260757,2027071147,10,HTP,0.002919982475849556,0.16743232358427382,7.761606956907143,6,0,0
46,20260757,2027071147,10,GP,0.004657040643529788,0.2670355532684259,5.734309125666574,6,0,0
46,20260757,2027071147,10,MP,0.003304109075934931,0.18945821234722235,7.2248656484250215,7,0,0
47,20260758,2027071148,10,OMP,0.00018288828942826646,0.014192695168981924,18.479351249180088,8,1,0
47,20260758,2027071148,10,GOMP,0.00018288828942826635,0.014192695168981915,18.47935124918009,8,1,0
47,20260758,2027071148,10,CoSaMP,0.001197293754939429,0.09291368706385156,10.3192030561386,7,0,0
47,20260758,2027071148,10,SP,0.0001828882894282664,0.014192695168981919,18.479351249180088,8,1,0
47,20260758,2027071148,10,IHT,0.0009701227665431554,0.07528451791571295,11.232943262573606,7,0,0
47,20260758,2027071148,10,HTP,0.0009539299709579961,0.0740279070501827,11.306045290104178,7,0,0
47,20260758,2027071148,10,GP,0.0009701227665431554,0.07528451791571295,11.232943262573606,7,0,0
47,20260758,2027071148,10,MP,0.0012130409882039222,0.09413572091947174,10.26245547088461,8,1,0
48,20260759,2027071149,10,OMP,0.0024582674873237244,0.16420665509337834,7.84609245439718,6,0,0
48,20260759,2027071149,10,GOMP,0.004740150517135511,0.31663123117060066,4.994462503829846,5,0,0
48,20260759,2027071149,10,CoSaMP,0.0009999061405571471,0.06679144706378998,11.752791472672454,7,0,0
48,20260759,2027071149,10,SP,0.0009999061405571471,0.06679144706378998,11.752791472672454,7,0,0
48,20260759,2027071149,10,IHT,0.002807924042987275,0.18756291462699445,7.268530271776675,6,0,0
48,20260759,2027071149,10,HTP,0.002708859917574209,0.18094565724645606,7.424518356369254,6,0,0
48,20260759,2027071149,10,GP,0.002807924042987275,0.18756291462699445,7.268530271776675,6,0,0
48,20260759,2027071149,10,MP,0.005280504437767371,0.35272563925722805,4.525629707741629,6,0,0
49,20260760,2027071150,10,OMP,0.0003500098786139461,0.02463324650698928,16.084783471070516,8,1,0
49,20260760,2027071150,10,GOMP,0.0029378827891085083,0.20676442401950973,6.845241840555849,6,0,0
49,20260760,2027071150,10,CoSaMP,0.0003500098786139458,0.024633246506989257,16.08478347107052,8,1,0
49,20260760,2027071150,10,SP,0.0003500098786139461,0.02463324650698928,16.084783471070516,8,1,0
49,20260760,2027071150,10,IHT,0.00171027695656034,0.12036709944590575,9.194922047866255,7,0,0
49,20260760,2027071150,10,HTP,0.0013795758371050707,0.09709277865262295,10.12813069864839,7,0,0
49,20260760,2027071150,10,GP,0.00171027695656034,0.12036709944590575,9.194922047866255,7,0,0
49,20260760,2027071150,10,MP,0.002809929466293486,0.19775923320954603,7.038632305188093,8,1,0
50,20260761,2027071151,10,OMP,0.00015459978558949022,0.009529103447028706,20.209479583674014,8,1,1
50,20260761,2027071151,10,GOMP,0.004544268929687866,0.28009617579351836,5.52692820641303,5,0,0
50,20260761,2027071151,10,CoSaMP,0.0014822616062373068,0.09136250821782788,10.392319860442722,7,0,0
50,20260761,2027071151,10,SP,0.00015459978558949033,0.009529103447028713,20.20947958367401,8,1,1
50,20260761,2027071151,10,IHT,0.0025235964513250055,0.15554750966527403,8.08136937607591,7,0,0
50,20260761,2027071151,10,HTP,0.00015459978558949027,0.00952910344702871,20.20947958367401,8,1,1
50,20260761,2027071151,10,GP,0.0025235964513250055,0.15554750966527403,8.08136937607591,7,0,0
50,20260761,2027071151,10,MP,0.0021381776763340224,0.13179136172941408,8.801130546600199,8,1,0
51,20260762,2027071152,10,OMP,0.0004306727203819788,0.022886674713275008,16.404173029385394,8,1,0
51,20260762,2027071152,10,GOMP,0.0017587311809458789,0.09346194114802966,10.293652031841303,7,0,0
51,20260762,2027071152,10,CoSaMP,0.0004306727203819789,0.022886674713275015,16.40417302938539,8,1,0
51,20260762,2027071152,10,SP,0.0004306727203819788,0.022886674713275008,16.404173029385394,8,1,0
51,20260762,2027071152,10,IHT,0.0018088664702351528,0.0961262149766619,10.171581579387542,7,0,0
51,20260762,2027071152,10,HTP,0.0016379763526791747,0.08704482591457295,10.602570389468049,7,0,0
51,20260762,2027071152,10,GP,0.0018088664702351528,0.0961262149766619,10.171581579387542,7,0,0
51,20260762,2027071152,10,MP,0.0022359967388642264,0.11882463782925648,9.250935007360873,8,1,0
52,20260763,2027071153,10,OMP,0.00022439280546717515,0.016279617141066176,17.88355812928235,8,1,0
52,20260763,2027071153,10,GOMP,0.000224392805467175,0.016279617141066165,17.883558129282353,8,1,0
52,20260763,2027071153,10,CoSaMP,0.00022439280546717496,0.016279617141066162,17.883558129282353,8,1,0
52,20260763,2027071153,10,SP,0.00022439280546717493,0.01627961714106616,17.883558129282356,8,1,0
52,20260763,2027071153,10,IHT,0.0033245770280712506,0.24119686484734837,6.176283415913622,6,0,0
52,20260763,2027071153,10,HTP,0.003292790319560155,0.238890750604256,6.218006649813742,6,0,0
52,20260763,2027071153,10,GP,0.0033245770280712506,0.24119686484734837,6.176283415913622,6,0,0
52,20260763,2027071153,10,MP,0.0019766287928059878,0.1434037063260324,8.434396240089232,8,1,0
53,20260764,2027071154,10,OMP,8.193787470225278e-05,0.004873017999440626,23.122019844645287,8,1,1
53,20260764,2027071154,10,GOMP,8.193787470225278e-05,0.004873017999440626,23.122019844645287,8,1,1
53,20260764,2027071154,10,CoSaMP,8.193787470225266e-05,0.004873017999440619,23.12201984464529,8,1,1
53,20260764,2027071154,10,SP,0.0008331043919588442,0.04954647300995798,13.04987255544618,7,0,0
53,20260764,2027071154,10,IHT,0.004170150173851262,0.24800761468846041,6.0553498463180455,5,0,0
53,20260764,2027071154,10,HTP,0.0025746556618454755,0.15312019536906263,8.149675254420245,6,0,0
53,20260764,2027071154,10,GP,0.004170150173851262,0.24800761468846041,6.0553498463180455,5,0,0
53,20260764,2027071154,10,MP,0.004354166645813979,0.2589514618815489,5.867816328781869,5,0,0
54,20260765,2027071155,10,OMP,9.38628892472039e-05,0.006174361095244941,22.094079752610295,8,1,1
54,20260765,2027071155,10,GOMP,0.004463201733630162,0.29359227449070624,5.322553765155005,6,0,0
54,20260765,2027071155,10,CoSaMP,0.0068032073639572145,0.4475193466533167,3.4918818501139857,5,0,0
54,20260765,2027071155,10,SP,0.0071008250671528135,0.46709683017854076,3.305930799197519,5,0,0
54,20260765,2027071155,10,IHT,0.010032568313429977,0.6599487824915264,1.80489768010289,3,0,0
54,20260765,2027071155,10,HTP,0.010024474070165592,0.659416337974765,1.808402967979845,3,0,0
54,20260765,2027071155,10,GP,0.010032568313429977,0.6599487824915264,1.80489768010289,3,0,0
54,20260765,2027071155,10,MP,0.007641243732983036,0.5026459168538766,2.987378410012837,5,0,0
55,20260766,2027071156,10,OMP,0.00026652794290913225,0.015952251892140574,17.97178001302794,8,1,0
55,20260766,2027071156,10,GOMP,0.00026652794290913225,0.015952251892140574,17.97178001302794,8,1,0
55,20260766,2027071156,10,CoSaMP,0.0002665279429091318,0.01595225189214055,17.971780013027946,8,1,0
55,20260766,2027071156,10,SP,0.0002665279429091319,0.015952251892140556,17.971780013027946,8,1,0
55,20260766,2027071156,10,IHT,0.0002177098122847982,0.01303038520858499,18.85042745339601,8,1,0
55,20260766,2027071156,10,HTP,0.00026652794290913187,0.015952251892140553,17.971780013027946,8,1,0
55,20260766,2027071156,10,GP,0.0002177098122847982,0.01303038520858499,18.85042745339601,8,1,0
55,20260766,2027071156,10,MP,0.0012853805965782625,0.07693270292817692,11.13889008935308,8,1,0
56,20260767,2027071157,10,OMP,0.00029095327942676476,0.01807614655694266,17.428941461739043,8,1,0
56,20260767,2027071157,10,GOMP,0.001945358725471187,0.12085991777348419,9.177177055578108,7,0,0
56,20260767,2027071157,10,CoSaMP,0.00029095327942676487,0.018076146556942667,17.42894146173904,8,1,0
56,20260767,2027071157,10,SP,0.0002909532794267646,0.01807614655694265,17.428941461739043,8,1,0
56,20260767,2027071157,10,IHT,0.003114992605914458,0.193526132371625,7.1326038269412395,6,0,0
56,20260767,2027071157,10,HTP,0.0021537004793249544,0.13380363191209424,8.735320980930535,7,0,0
56,20260767,2027071157,10,GP,0.003114992605914458,0.193526132371625,7.1326038269412395,6,0,0
56,20260767,2027071157,10,MP,0.0031711420835490024,0.19701454875523644,7.055017017022863,7,0,0
57,20260768,2027071158,10,OMP,0.00016331742789473362,0.00867576145534696,20.616923976503223,8,1,1
57,20260768,2027071158,10,GOMP,0.004288027489128969,0.22778893893450142,6.424673683883475,6,0,0
57,20260768,2027071158,10,CoSaMP,0.00016331742789473368,0.008675761455346964,20.616923976503223,8,1,1
57,20260768,2027071158,10,SP,0.0001633174278947334,0.00867576145534695,20.616923976503227,8,1,1
57,20260768,2027071158,10,IHT,0.0011879470707699367,0.06310621922248928,11.999278382057593,7,0,0
57,20260768,2027071158,10,HTP,0.0001633174278947334,0.00867576145534695,20.616923976503227,8,1,1
57,20260768,2027071158,10,GP,0.0011879470707699367,0.06310621922248928,11.999278382057593,7,0,0
57,20260768,2027071158,10,MP,0.0023716020475978827,0.12598443348761018,8.996831125655598,8,1,0
58,20260769,2027071159,10,OMP,9.557087975720481e-05,0.00914791436261683,20.386779096552587,8,1,1
58,20260769,2027071159,10,GOMP,0.0019214250361539679,0.1839161858672685,7.353800482305922,6,0,0
58,20260769,2027071159,10,CoSaMP,9.557087975720455e-05,0.009147914362616806,20.386779096552594,8,1,1
58,20260769,2027071159,10,SP,9.557087975720485e-05,0.009147914362616836,20.38677909655258,8,1,1
58,20260769,2027071159,10,IHT,0.0019521881696207583,0.18686079107750497,7.284818168933352,6,0,0
58,20260769,2027071159,10,HTP,0.002192576078127585,0.20987039406970975,6.780488220131996,6,0,0
58,20260769,2027071159,10,GP,0.0019521881696207583,0.18686079107750497,7.284818168933352,6,0,0
58,20260769,2027071159,10,MP,0.004738473936125891,0.45356026738786753,3.4336499734705077,4,0,0
59,20260770,2027071160,10,OMP,0.0018290597084336523,0.1475858562209063,8.30955260802532,7,0,0
59,20260770,2027071160,10,GOMP,0.004953160144418944,0.3996678607826076,3.9830077404652893,5,0,0
59,20260770,2027071160,10,CoSaMP,0.0001481385388528728,0.011953220004303811,19.22515087039969,8,1,0
59,20260770,2027071160,10,SP,0.00014813853885287264,0.011953220004303797,19.225150870399695,8,1,0
59,20260770,2027071160,10,IHT,0.0028673385773001414,0.23136402658416944,6.357041660000665,6,0,0
59,20260770,2027071160,10,HTP,0.0012680768096387952,0.10232044412846762,9.900375834421846,7,0,0
59,20260770,2027071160,10,GP,0.0028673385773001414,0.23136402658416944,6.357041660000665,6,0,0
59,20260770,2027071160,10,MP,0.002149849206414558,0.17347019039976727,7.607751448337754,8,1,0
60,20260771,2027071161,10,OMP,0.0001980533117179579,0.016304666341438866,17.87688084165881,8,1,0
60,20260771,2027071161,10,GOMP,0.0011356662276046862,0.09349330619981769,10.292194820103502,7,0,0
60,20260771,2027071161,10,CoSaMP,0.0008488427559773759,0.06988066895981936,11.556429462167602,7,0,0
60,20260771,2027071161,10,SP,0.00019805331171795815,0.016304666341438886,17.876880841658807,8,1,0
60,20260771,2027071161,10,IHT,0.0007844634157159879,0.06458066335456737,11.898974983441196,7,0,0
60,20260771,2027071161,10,HTP,0.0007788494096897672,0.06411849236483555,11.930166978795011,7,0,0
60,20260771,2027071161,10,GP,0.0007844634157159879,0.06458066335456737,11.898974983441196,7,0,0
60,20260771,2027071161,10,MP,0.0011276964219878345,0.09283719487170244,10.322779904710268,8,1,0
61,20260772,2027071162,10,OMP,0.0005570169338521261,0.026464371363137052,15.773384178171783,8,1,0
61,20260772,2027071162,10,GOMP,0.002650188199873121,0.12591280523307247,8.99930100239506,7,0,0
61,20260772,2027071162,10,CoSaMP,0.000557016933852126,0.02646437136313705,15.773384178171785,8,1,0
61,20260772,2027071162,10,SP,0.000557016933852126,0.02646437136313705,15.773384178171785,8,1,0
61,20260772,2027071162,10,IHT,0.00442117543297628,0.21005398832439093,6.776690680377672,6,0,0
61,20260772,2027071162,10,HTP,0.004263862827740073,0.20257992613335027,6.9340359155934514,6,0,0
61,20260772,2027071162,10,GP,0.00442117543297628,0.21005398832439093,6.776690680377672,6,0,0
61,20260772,2027071162,10,MP,0.022789831514789645,1.0827652228447873,-0.3453429829060359,3,0,0
62,20260773,2027071163,10,OMP,5.8746346022878315e-05,0.002968578513808098,25.274514602421544,8,1,1
62,20260773,2027071163,10,GOMP,0.001390068282231129,0.07024312344039944,11.533961852743545,7,0,0
62,20260773,2027071163,10,CoSaMP,0.0012636688150939259,0.06385588801720964,11.947990511729085,7,0,0
62,20260773,2027071163,10,SP,5.874634602287814e-05,0.002968578513808089,25.274514602421554,8,1,1
62,20260773,2027071163,10,IHT,0.0014683678362168793,0.07419976737383378,11.295974562899582,7,0,0
62,20260773,2027071163,10,HTP,0.0013900682822311297,0.07024312344039949,11.533961852743541,7,0,0
62,20260773,2027071163,10,GP,0.0014683678362168793,0.07419976737383378,11.295974562899582,7,0,0
62,20260773,2027071163,10,MP,0.0019970762723831694,0.10091653547820395,9.960376674739779,8,1,0
63,20260774,2027071164,10,OMP,0.00026207955578445955,0.02267722855885505,16.444100227571727,8,1,0
63,20260774,2027071164,10,GOMP,0.003138260364946219,0.27154749770566133,5.6615419485121175,6,0,0
63,20260774,2027071164,10,CoSaMP,0.0002620795557844594,0.022677228558855036,16.44410022757173,8,1,0
63,20260774,2027071164,10,SP,0.0002620795557844594,0.022677228558855036,16.44410022757173,8,1,0
63,20260774,2027071164,10,IHT,0.0015492096248488438,0.13405006217718307,8.72732980239839,7,0,0
63,20260774,2027071164,10,HTP,0.0010142356098185592,0.08775981273144781,10.56704312162899,7,0,0
63,20260774,2027071164,10,GP,0.0015492096248488438,0.13405006217718307,8.72732980239839,7,0,0
63,20260774,2027071164,10,MP,0.0016716326444616817,0.1446430853083301,8.397023230544702,8,1,0
64,20260775,2027071165,10,OMP,0.0002661348226680358,0.015614560638015829,18.06470231425444,8,1,0
64,20260775,2027071165,10,GOMP,0.0002661348226680354,0.015614560638015803,18.06470231425445,8,1,0
64,20260775,2027071165,10,CoSaMP,0.0002661348226680361,0.015614560638015845,18.064702314254436,8,1,0
64,20260775,2027071165,10,SP,0.00026613482266803586,0.015614560638015832,18.06470231425444,8,1,0
64,20260775,2027071165,10,IHT,0.00020223985855654682,0.01186573971491865,19.257051825125007,8,1,0
64,20260775,2027071165,10,HTP,0.0002661348226680361,0.015614560638015845,18.064702314254436,8,1,0
64,20260775,2027071165,10,GP,0.00020223985855654682,0.01186573971491865,19.257051825125007,8,1,0
64,20260775,2027071165,10,MP,0.002617222880618779,0.15355670093424684,8.137312269886191,8,1,0
65,20260776,2027071166,10,OMP,0.0002135994818263371,0.01331975634231574,18.75503719621845,8,1,0
65,20260776,2027071166,10,GOMP,0.000213599481826337,0.013319756342315733,18.755037196218453,8,1,0
65,20260776,2027071166,10,CoSaMP,0.00021359948182633688,0.013319756342315726,18.755037196218453,8,1,0
65,20260776,2027071166,10,SP,0.00021359948182633678,0.01331975634231572,18.755037196218456,8,1,0
65,20260776,2027071166,10,IHT,0.0002115792331250009,0.013193776540199197,18.796308757338323,8,1,0
65,20260776,2027071166,10,HTP,0.00021359948182633661,0.013319756342315709,18.75503719621846,8,1,0
65,20260776,2027071166,10,GP,0.0002115792331250009,0.013193776540199197,18.796308757338323,8,1,0
65,20260776,2027071166,10,MP,0.002827330604242929,0.17630826828646687,7.537273202191923,8,1,0
66,20260777,2027071167,10,OMP,6.694315698279039e-05,0.005852778922754995,22.32637880198292,8,1,1
66,20260777,2027071167,10,GOMP,6.694315698279035e-05,0.005852778922754992,22.326378801982926,8,1,1
66,20260777,2027071167,10,CoSaMP,0.0010906783903322154,0.09535701305634262,10.206473611426892,7,0,0
66,20260777,2027071167,10,SP,0.0010906783903322156,0.09535701305634263,10.206473611426892,7,0,0
66,20260777,2027071167,10,IHT,0.005289481549094903,0.46245452885950317,3.3493096311139747,5,0,0
66,20260777,2027071167,10,HTP,0.008592084294962032,0.7511980631121986,1.2424554052465133,4,0,0
66,20260777,2027071167,10,GP,0.005289481549094903,0.46245452885950317,3.3493096311139747,5,0,0
66,20260777,2027071167,10,MP,0.0012861827547500015,0.11244978063623416,9.490413874365833,8,1,0
67,20260778,2027071168,10,OMP,8.91259429384725e-05,0.005060597053432638,22.95798241714636,8,1,1
67,20260778,2027071168,10,GOMP,8.91259429384725e-05,0.005060597053432638,22.95798241714636,8,1,1
67,20260778,2027071168,10,CoSaMP,8.912594293847258e-05,0.005060597053432642,22.957982417146358,8,1,1
67,20260778,2027071168,10,SP,8.912594293847245e-05,0.005060597053432634,22.95798241714637,8,1,1
67,20260778,2027071168,10,IHT,0.00131035848260859,0.07440253709974541,11.284122549160443,7,0,0
67,20260778,2027071168,10,HTP,8.912594293847276e-05,0.005060597053432652,22.95798241714635,8,1,1
67,20260778,2027071168,10,GP,0.00131035848260859,0.07440253709974541,11.284122549160443,7,0,0
67,20260778,2027071168,10,MP,0.003010114556762707,0.17091518310178247,7.672193553926025,8,1,0
68,20260779,2027071169,10,OMP,0.00016913308506342817,0.010440295505719892,19.812872087391913,8,1,0
68,20260779,2027071169,10,GOMP,0.00016913308506342803,0.010440295505719883,19.812872087391916,8,1,0
68,20260779,2027071169,10,CoSaMP,0.0011288726520817468,0.06968337431815466,11.568708273994595,7,0,0
68,20260779,2027071169,10,SP,0.00016913308506342803,0.010440295505719883,19.812872087391916,8,1,0
68,20260779,2027071169,10,IHT,0.0001762546127595745,0.010879895206582993,19.63375287672942,8,1,0
68,20260779,2027071169,10,HTP,0.0001691330850634281,0.010440295505719888,19.812872087391916,8,1,0
68,20260779,2027071169,10,GP,0.0001762546127595745,0.010879895206582993,19.63375287672942,8,1,0
68,20260779,2027071169,10,MP,0.0036947436298469115,0.22807019276572552,6.419314703710896,8,1,0
69,20260780,2027071170,10,OMP,9.895374171550028e-05,0.006557722981690747,21.83246933208608,8,1,1
69,20260780,2027071170,10,GOMP,9.895374171550028e-05,0.006557722981690747,21.83246933208608,8,1,1
69,20260780,2027071170,10,CoSaMP,0.0011377580675309242,0.0753998999704614,11.226292302881234,7,0,0
69,20260780,2027071170,10,SP,0.0010478669641875073,0.06944276339305469,11.583730052498268,7,0,0
69,20260780,2027071170,10,IHT,0.0008653077018664681,0.05734445311909704,12.415085846724514,7,0,0
69,20260780,2027071170,10,HTP,0.002809976573568334,0.18621880926424067,7.299764546806343,6,0,0
69,20260780,2027071170,10,GP,0.0008653077018664681,0.05734445311909704,12.415085846724514,7,0,0
69,20260780,2027071170,10,MP,0.002458625129750426,0.16293454130397206,7.879868376833766,8,1,0
70,20260781,2027071171,10,OMP,7.044244865390247e-05,0.006847894915870916,21.644429127303717,8,1,1
70,20260781,2027071171,10,GOMP,7.044244865390246e-05,0.006847894915870914,21.644429127303717,8,1,1
70,20260781,2027071171,10,CoSaMP,7.04424486539024e-05,0.006847894915870909,21.64442912730372,8,1,1
70,20260781,2027071171,10,SP,7.044244865390247e-05,0.006847894915870916,21.644429127303717,8,1,1
70,20260781,2027071171,10,IHT,0.004863042741690528,0.4727491207766333,3.253692701872307,4,0,0
70,20260781,2027071171,10,HTP,7.044244865390246e-05,0.006847894915870914,21.644429127303717,8,1,1
70,20260781,2027071171,10,GP,0.004863042741690528,0.4727491207766333,3.253692701872307,4,0,0
70,20260781,2027071171,10,MP,0.001041813624694627,0.10127743086960611,9.944873240457673,8,1,0
71,20260782,2027071172,10,OMP,7.465181108051586e-05,0.004586828650137561,23.384874834759742,8,1,1
71,20260782,2027071172,10,GOMP,0.0007732158265737504,0.04750867332934592,13.232270970021576,7,0,0
71,20260782,2027071172,10,CoSaMP,0.0007787929441976628,0.04785134797490754,13.20105823617161,7,0,0
71,20260782,2027071172,10,SP,0.0007787929441976624,0.04785134797490751,13.201058236171612,7,0,0
71,20260782,2027071172,10,IHT,0.0008409370117183484,0.051669663769450404,12.867643645342191,7,0,0
71,20260782,2027071172,10,HTP,0.004549137840155291,0.2795125192092661,5.535987355351979,5,0,0
71,20260782,2027071172,10,GP,0.0008409370117183484,0.051669663769450404,12.867643645342191,7,0,0
71,20260782,2027071172,10,MP,0.002010694876978568,0.12354305588732387,9.081816604162618,8,1,0
72,20260783,2027071173,10,OMP,0.00013312580063105258,0.008830847329909644,20.53997623370452,8,1,1
72,20260783,2027071173,10,GOMP,0.002524602729422838,0.1674685235057729,7.760668086411579,6,0,0
72,20260783,2027071173,10,CoSaMP,0.0009080613378670038,0.0602358896839305,12.201446707464491,7,0,0
72,20260783,2027071173,10,SP,0.0010854611732991771,0.07200363760076217,11.426455625960584,7,0,0
72,20260783,2027071173,10,IHT,0.0008399889262625538,0.05572033318467856,12.53986295337903,7,0,0
72,20260783,2027071173,10,HTP,0.0022361450964738135,0.14833380051710404,8.287598759071749,6,0,0
72,20260783,2027071173,10,GP,0.0008399889262625538,0.05572033318467856,12.53986295337903,7,0,0
72,20260783,2027071173,10,MP,0.005087542195747626,0.33748009929069256,4.717518317901678,6,0,0
73,20260784,2027071174,10,OMP,0.00013990265725519319,0.00798657748648665,20.976392904192892,8,1,1
73,20260784,2027071174,10,GOMP,0.001035726536988645,0.059126183910729414,12.28220150089242,7,0,0
73,20260784,2027071174,10,CoSaMP,0.0014764852904884562,0.08428763549954721,10.74236129149403,7,0,0
73,20260784,2027071174,10,SP,0.00013990265725519297,0.007986577486486637,20.9763929041929,8,1,1
73,20260784,2027071174,10,IHT,0.0013288180069832396,0.07585780132004218,11.19999749141944,7,0,0
73,20260784,2027071174,10,HTP,0.00013990265725519294,0.007986577486486636,20.9763929041929,8,1,1
73,20260784,2027071174,10,GP,0.0013288180069832396,0.07585780132004218,11.19999749141944,7,0,0
73,20260784,2027071174,10,MP,0.0022272122809559305,0.1271441430041096,8.957036411475936,8,1,0
74,20260785,2027071175,10,OMP,0.00014668203023056,0.011211835789167766,19.50323271630674,8,1,0
74,20260785,2027071175,10,GOMP,0.002184958083248685,0.16701017293729264,7.772570742657587,6,0,0
74,20260785,2027071175,10,CoSaMP,0.0010983378853395209,0.08395291496914993,10.759642199185642,7,0,0
74,20260785,2027071175,10,SP,0.00014668203023056003,0.01121183578916777,19.503232716306737,8,1,0
74,20260785,2027071175,10,IHT,0.002343860258639226,0.17915607175134587,7.467684686398152,6,0,0
74,20260785,2027071175,10,HTP,0.0030205738395515493,0.2308815730521039,6.366107272869584,5,0,0
74,20260785,2027071175,10,GP,0.002343860258639226,0.17915607175134587,7.467684686398152,6,0,0
74,20260785,2027071175,10,MP,0.0013048747472933606,0.09973983431432554,10.011313575577391,8,1,0
75,20260786,2027071176,10,OMP,0.00010352527702074598,0.007016259759995732,21.53894340644804,8,1,1
75,20260786,2027071176,10,GOMP,0.00010352527702074598,0.007016259759995732,21.53894340644804,8,1,1
75,20260786,2027071176,10,CoSaMP,0.00010352527702074588,0.007016259759995726,21.538943406448045,8,1,1
75,20260786,2027071176,10,SP,0.00010352527702074596,0.007016259759995731,21.53894340644804,8,1,1
75,20260786,2027071176,10,IHT,0.0001015851760015287,0.006884772522258294,21.621104045661053,8,1,1
75,20260786,2027071176,10,HTP,0.00010352527702074596,0.007016259759995731,21.53894340644804,8,1,1
75,20260786,2027071176,10,GP,0.0001015851760015287,0.006884772522258294,21.621104045661053,8,1,1
75,20260786,2027071176,10,MP,0.0021694835432742514,0.14703327074022454,8.325843818234645,8,1,0
76,20260787,2027071177,10,OMP,0.00884014828552488,0.5236603912746456,2.809502741057677,5,0,0
76,20260787,2027071177,10,GOMP,0.001411156549999302,0.0835921262013692,10.778346281631455,7,0,0
76,20260787,2027071177,10,CoSaMP,0.0012901825699562787,0.07642603806831032,11.167586536908198,7,0,0
76,20260787,2027071177,10,SP,7.19551127507019e-05,0.004262376747564541,23.703481660349905,8,1,1
76,20260787,2027071177,10,IHT,0.011550571335483067,0.6842166567374086,1.6480635745132155,4,0,0
76,20260787,2027071177,10,HTP,0.01130292685096101,0.6695470376910659,1.7421890708799452,4,0,0
76,20260787,2027071177,10,GP,0.011550571335483067,0.6842166567374086,1.6480635745132155,4,0,0
76,20260787,2027071177,10,MP,0.014496184654281272,0.8587047957646025,0.6615611161125045,4,0,0
77,20260788,2027071178,10,OMP,0.00023631085542907002,0.015198261069502126,18.182060996290488,8,1,0
77,20260788,2027071178,10,GOMP,0.0034697537014572993,0.22315615804390262,6.5139112420509875,7,0,0
77,20260788,2027071178,10,CoSaMP,0.00023631085542907005,0.015198261069502127,18.182060996290485,8,1,0
77,20260788,2027071178,10,SP,0.00023631085542906972,0.015198261069502107,18.18206099629049,8,1,0
77,20260788,2027071178,10,IHT,0.010954022403463671,0.7045046320311193,1.5211614711254966,4,0,0
77,20260788,2027071178,10,HTP,0.010939903726522654,0.7035965936013319,1.5267627180656875,4,0,0
77,20260788,2027071178,10,GP,0.010954022403463671,0.7045046320311193,1.5211614711254966,4,0,0
77,20260788,2027071178,10,MP,0.003698485664682267,0.23786698495754927,6.236658322198071,8,1,0
78,20260789,2027071179,10,OMP,0.00011941746039319399,0.00991254042610637,20.03815028496623,8,1,1
78,20260789,2027071179,10,GOMP,0.0028574924793589402,0.23719320127624116,6.248977634128688,5,0,0
78,20260789,2027071179,10,CoSaMP,0.00011941746039319401,0.009912540426106373,20.03815028496623,8,1,1
78,20260789,2027071179,10,SP,0.00011941746039319403,0.009912540426106373,20.03815028496623,8,1,1
78,20260789,2027071179,10,IHT,7.87265890096881e-05,0.006534894424973648,21.847614243071156,8,1,1
78,20260789,2027071179,10,HTP,0.0008909579045650557,0.07395615530493632,11.310256742198874,7,0,0
78,20260789,2027071179,10,GP,7.87265890096881e-05,0.006534894424973648,21.847614243071156,8,1,1
78,20260789,2027071179,10,MP,0.0016436485866266023,0.13643509925268327,8.650738888376532,8,1,0
79,20260790,2027071180,10,OMP,0.0010231039044360404,0.0949247561085592,10.226205100253313,7,0,0
79,20260790,2027071180,10,GOMP,0.0010231039044360404,0.0949247561085592,10.226205100253313,7,0,0
79,20260790,2027071180,10,CoSaMP,0.0022522238226284066,0.20896391474797038,6.7992870421859175,6,0,0
79,20260790,2027071180,10,SP,0.00011254218921130864,0.010441793659946538,19.812248931241562,8,1,0
79,20260790,2027071180,10,IHT,0.0029524020554643647,0.2739272559064737,5.623647530659986,5,0,0
79,20260790,2027071180,10,HTP,0.0029498459483265874,0.27369009734849264,5.627409159428477,5,0,0
79,20260790,2027071180,10,GP,0.0029524020554643647,0.2739272559064737,5.623647530659986,5,0,0
79,20260790,2027071180,10,MP,0.003080648766015021,0.2858261331055169,5.4389806615154255,7,0,0
80,20260791,2027071181,10,OMP,0.0013638147082669727,0.08504009977570076,10.703762389361843,7,0,0
80,20260791,2027071181,10,GOMP,0.0003571961128886733,0.022272815284522518,16.522248846607276,8,1,0
80,20260791,2027071181,10,CoSaMP,0.0013638147082669727,0.08504009977570076,10.703762389361843,7,0,0
80,20260791,2027071181,10,SP,0.0003571961128886733,0.022272815284522518,16.522248846607276,8,1,0
80,20260791,2027071181,10,IHT,0.006621453478308198,0.41287798191516706,3.8417827669834708,5,0,0
80,20260791,2027071181,10,HTP,0.006626636992092339,0.41320119776459296,3.8383842824196353,5,0,0
80,20260791,2027071181,10,GP,0.006621453478308198,0.41287798191516706,3.8417827669834708,5,0,0
80,20260791,2027071181,10,MP,0.0021664915409731833,0.13509068034739632,8.693746111060939,8,1,0
81,20260792,2027071182,10,OMP,0.0001464494919550704,0.009709858124040956,20.127871157558754,8,1,1
81,20260792,2027071182,10,GOMP,0.0001464494919550704,0.009709858124040956,20.127871157558754,8,1,1
81,20260792,2027071182,10,CoSaMP,0.0001464494919550704,0.009709858124040956,20.127871157558754,8,1,1
81,20260792,2027071182,10,SP,0.0001464494919550704,0.009709858124040956,20.127871157558754,8,1,1
81,20260792,2027071182,10,IHT,0.002342473559769263,0.15531010467181913,8.088002876040116,6,0,0
81,20260792,2027071182,10,HTP,0.002590554623869511,0.1717583142457624,7.6508223101565935,6,0,0
81,20260792,2027071182,10,GP,0.002342473559769263,0.15531010467181913,8.088002876040116,6,0,0
81,20260792,2027071182,10,MP,0.001415316255601546,0.09383794958302759,10.276214903906673,8,1,0
82,20260793,2027071183,10,OMP,0.00133716735925967,0.0761854445454346,11.181279939808398,7,0,0
82,20260793,2027071183,10,GOMP,0.0020454016067724995,0.11653726783473473,9.335351679706626,6,0,0
82,20260793,2027071183,10,CoSaMP,0.0013371673592596702,0.07618544454543462,11.181279939808398,7,0,0
82,20260793,2027071183,10,SP,0.0011989086544294196,0.06830812027721402,11.655276655430411,7,0,0
82,20260793,2027071183,10,IHT,0.0020073146869193795,0.11436725605551899,9.416982985317489,6,0,0
82,20260793,2027071183,10,HTP,0.0011989086544294196,0.06830812027721402,11.655276655430411,7,0,0
82,20260793,2027071183,10,GP,0.0020073146869193795,0.11436725605551899,9.416982985317489,6,0,0
82,20260793,2027071183,10,MP,0.002102768329638068,0.11980575120995549,9.21522333375788,7,0,0
83,20260794,2027071184,10,OMP,0.00016608420846361217,0.010411434352922582,19.824894348844996,8,1,0
83,20260794,2027071184,10,GOMP,0.00016608420846361217,0.010411434352922582,19.824894348844996,8,1,0
83,20260794,2027071184,10,CoSaMP,0.0001660842084636121,0.01041143435292258,19.824894348844996,8,1,0
83,20260794,2027071184,10,SP,0.00016608420846361214,0.010411434352922582,19.824894348844996,8,1,0
83,20260794,2027071184,10,IHT,0.0009140455550146097,0.057299398778784545,12.418499348986852,7,0,0
83,20260794,2027071184,10,HTP,0.002347715963209287,0.14717287607519414,8.32172222989746,6,0,0
83,20260794,2027071184,10,GP,0.0009140455550146097,0.057299398778784545,12.418499348986852,7,0,0
83,20260794,2027071184,10,MP,0.0023371116431803985,0.1465081158137612,8.341383169105079,8,1,0
84,20260795,2027071185,10,OMP,0.01417412961057764,0.9654108240434216,0.1528783624451005,4,0,0
84,20260795,2027071185,10,GOMP,0.011386893709696184,0.7755700520311982,1.1037896917649872,4,0,0
84,20260795,2027071185,10,CoSaMP,0.009699525302342932,0.6606420974150592,1.800337556634568,5,0,0
84,20260795,2027071185,10,SP,0.005486562736060047,0.3736939902280038,4.274838864473989,6,0,0
84,20260795,2027071185,10,IHT,0.011913895989219204,0.8114645809317524,0.9073043164994292,4,0,0
84,20260795,2027071185,10,HTP,0.012043458422568811,0.8202891775018143,0.860330182823193,4,0,0
84,20260795,2027071185,10,GP,0.011913895989219204,0.8114645809317524,0.9073043164994292,4,0,0
84,20260795,2027071185,10,MP,0.01361067955200429,0.9270338089956212,0.3290442681290581,4,0,0
85,20260796,2027071186,10,OMP,0.00016183876511226714,0.01143683572318535,19.41694116980841,8,1,0
85,20260796,2027071186,10,GOMP,0.0012144235139423902,0.08582098496424966,10.664065053931422,7,0,0
85,20260796,2027071186,10,CoSaMP,0.0001618387651122673,0.01143683572318536,19.416941169808407,8,1,0
85,20260796,2027071186,10,SP,0.0001618387651122673,0.01143683572318536,19.416941169808407,8,1,0
85,20260796,2027071186,10,IHT,0.0020984089582256134,0.1482905441019566,8.288865413200407,6,0,0
85,20260796,2027071186,10,HTP,0.0023175232954893545,0.1637749348666887,7.8575256461495595,6,0,0
85,20260796,2027071186,10,GP,0.0020984089582256134,0.1482905441019566,8.288865413200407,6,0,0
85,20260796,2027071186,10,MP,0.0012091492536557774,0.08544826308629003,10.682967607923539,8,1,0
86,20260797,2027071187,10,OMP,0.0005745977707426631,0.029188887374407817,15.347824591868559,8,1,0
86,20260797,2027071187,10,GOMP,0.002930090197580709,0.1488451176263665,8.272654063830839,7,0,0
86,20260797,2027071187,10,CoSaMP,0.0029300901975807085,0.14884511762636649,8.272654063830839,7,0,0
86,20260797,2027071187,10,SP,0.0005745977707426631,0.029188887374407817,15.347824591868559,8,1,0
86,20260797,2027071187,10,IHT,0.010982978529518805,0.5579223235052152,2.5342626131561725,5,0,0
86,20260797,2027071187,10,HTP,0.010980864854130527,0.5578149512946082,2.5350984937845884,5,0,0
86,20260797,2027071187,10,GP,0.010982978529518805,0.5579223235052152,2.5342626131561725,5,0,0
86,20260797,2027071187,10,MP,0.0033594202685619137,0.17065457761107863,7.678820577834191,8,1,0
87,20260798,2027071188,10,OMP,0.00013989115436327743,0.009524883814534153,20.211403131866682,8,1,1
87,20260798,2027071188,10,GOMP,0.00013989115436327735,0.009524883814534148,20.211403131866682,8,1,1
87,20260798,2027071188,10,CoSaMP,0.0010475405788738647,0.07132475495107243,11.467597117645399,7,0,0
87,20260798,2027071188,10,SP,0.00013989115436327727,0.009524883814534141,20.211403131866685,8,1,1
87,20260798,2027071188,10,IHT,0.002628084748675392,0.17894056275264716,7.472912011718563,6,0,0
87,20260798,2027071188,10,HTP,0.005764307762013707,0.3924791524832165,4.061834069491953,5,0,0
87,20260798,2027071188,10,GP,0.002628084748675392,0.17894056275264716,7.472912011718563,6,0,0
87,20260798,2027071188,10,MP,0.0019446346077690265,0.13240593220513489,8.780925566920816,8,1,0
88,20260799,2027071189,10,OMP,0.0001296011290064046,0.009682307495643167,20.14021128931192,8,1,1
88,20260799,2027071189,10,GOMP,0.0001296011290064046,0.009682307495643167,20.14021128931192,8,1,1
88,20260799,2027071189,10,CoSaMP,0.0009277309005895456,0.06930939507690588,11.592078916002908,7,0,0
88,20260799,2027071189,10,SP,0.00012960112900640424,0.009682307495643139,20.140211289311928,8,1,1
88,20260799,2027071189,10,IHT,0.0010001336550813035,0.074718497126365,11.265718720066927,7,0,0
88,20260799,2027071189,10,HTP,0.0009604660414784666,0.07175498874132583,11.441478993673186,7,0,0
88,20260799,2027071189,10,GP,0.0010001336550813035,0.074718497126365,11.265718720066927,7,0,0
88,20260799,2027071189,10,MP,0.0018478296723166395,0.13804860516345585,8.599679770933497,8,1,0
89,20260800,2027071190,10,OMP,0.00017213707434766425,0.010712736971790619,19.70099558123331,8,1,0
89,20260800,2027071190,10,GOMP,0.0001721370743476639,0.010712736971790596,19.70099558123332,8,1,0
89,20260800,2027071190,10,CoSaMP,0.0009986281322701407,0.06214838119087454,12.065701791547028,7,0,0
89,20260800,2027071190,10,SP,0.0009986281322701405,0.06214838119087453,12.06570179154703,7,0,0
89,20260800,2027071190,10,IHT,0.0009844749872818638,0.06126757779533871,12.127692890970083,7,0,0
89,20260800,2027071190,10,HTP,0.0009986281322701407,0.06214838119087454,12.065701791547028,7,0,0
89,20260800,2027071190,10,GP,0.0009844749872818638,0.06126757779533871,12.127692890970083,7,0,0
89,20260800,2027071190,10,MP,0.002209329829206996,0.13749489721443492,8.617134193081586,8,1,0
90,20260801,2027071191,10,OMP,0.00019922034551834715,0.0164850359900205,17.829101003709802,8,1,0
90,20260801,2027071191,10,GOMP,0.0001992203455183475,0.01648503599002053,17.829101003709795,8,1,0
90,20260801,2027071191,10,CoSaMP,0.0010168774620884754,0.0841443253014809,10.749751675473863,7,0,0
90,20260801,2027071191,10,SP,0.0010168774620884754,0.0841443253014809,10.749751675473863,7,0,0
90,20260801,2027071191,10,IHT,0.00019053497443624278,0.015766341046978213,18.022690833028356,8,1,0
90,20260801,2027071191,10,HTP,0.00019922034551834718,0.016485035990020505,17.8291010037098,8,1,0
90,20260801,2027071191,10,GP,0.00019053497443624278,0.015766341046978213,18.022690833028356,8,1,0
90,20260801,2027071191,10,MP,0.0012718845337883697,0.1052455875432701,9.777961030531468,8,1,0
91,20260802,2027071192,10,OMP,0.00015721972824922075,0.011322225585995781,19.460681964062772,8,1,0
91,20260802,2027071192,10,GOMP,0.0012448652113805979,0.08964933920421855,10.474529072286158,7,0,0
91,20260802,2027071192,10,CoSaMP,0.00015721972824922075,0.011322225585995781,19.460681964062772,8,1,0
91,20260802,2027071192,10,SP,0.0012239406468261395,0.08814245045169024,10.54814879820496,7,0,0
91,20260802,2027071192,10,IHT,0.0001617184525420032,0.011646202556693382,19.338156606912257,8,1,0
91,20260802,2027071192,10,HTP,0.00015721972824922075,0.011322225585995781,19.460681964062772,8,1,0
91,20260802,2027071192,10,GP,0.0001617184525420032,0.011646202556693382,19.338156606912257,8,1,0
91,20260802,2027071192,10,MP,0.0016586083653428534,0.11944517574450503,9.228313862226047,8,1,0
92,20260803,2027071193,10,OMP,0.00010524016790483408,0.00821862583456042,20.852007910192086,8,1,1
92,20260803,2027071193,10,GOMP,0.00010524016790483408,0.00821862583456042,20.852007910192086,8,1,1
92,20260803,2027071193,10,CoSaMP,0.0001052401679048341,0.008218625834560421,20.852007910192082,8,1,1
92,20260803,2027071193,10,SP,0.00010524016790483403,0.008218625834560416,20.852007910192086,8,1,1
92,20260803,2027071193,10,IHT,0.004893485805040259,0.3821518880008477,4.177639904651787,4,0,0
92,20260803,2027071193,10,HTP,0.0038277013594640343,0.2989205158653889,5.244442769267127,5,0,0
92,20260803,2027071193,10,GP,0.004893485805040259,0.3821518880008477,4.177639904651787,4,0,0
92,20260803,2027071193,10,MP,0.0011567188539770988,0.09033280396526838,10.441545088892031,8,1,0
93,20260804,2027071194,10,OMP,0.000263787743123921,0.014391876143841551,18.418825871748467,8,1,0
93,20260804,2027071194,10,GOMP,0.0014070915306761509,0.07676887027698749,11.148148503802622,7,0,0
93,20260804,2027071194,10,CoSaMP,0.00026378774312392077,0.014391876143841539,18.41882587174847,8,1,0
93,20260804,2027071194,10,SP,0.0002637877431239215,0.014391876143841577,18.41882587174846,8,1,0
93,20260804,2027071194,10,IHT,0.00027275884766996786,0.014881326578388494,18.27358352392684,8,1,0
93,20260804,2027071194,10,HTP,0.003987929492715483,0.21757564111904895,6.623897280903424,7,0,0
93,20260804,2027071194,10,GP,0.00027275884766996786,0.014881326578388494,18.27358352392684,8,1,0
93,20260804,2027071194,10,MP,0.002773909746471319,0.15134048698637176,8.20044872884946,8,1,0
94,20260805,2027071195,10,OMP,0.0003245228763148076,0.015546520550428192,18.083667947294867,8,1,0
94,20260805,2027071195,10,GOMP,0.0010963058543407907,0.05251938380310157,12.796803780220605,7,0,0
94,20260805,2027071195,10,CoSaMP,0.0012704260362937949,0.06086074641431777,12.15662725628335,7,0,0
94,20260805,2027071195,10,SP,0.001518890286995836,0.07276361940573951,11.3808570640837,7,0,0
94,20260805,2027071195,10,IHT,0.004584996960198665,0.21964784200985737,6.582730592223113,6,0,0
94,20260805,2027071195,10,HTP,0.0010963058543407907,0.05251938380310157,12.796803780220605,7,0,0
94,20260805,2027071195,10,GP,0.004584996960198665,0.21964784200985737,6.582730592223113,6,0,0
94,20260805,2027071195,10,MP,0.0036518912008257584,0.17494668556583048,7.570942809839084,7,0,0
95,20260806,2027071196,10,OMP,0.00018182642455554198,0.01156238925832129,19.36952413797153,8,1,0
95,20260806,2027071196,10,GOMP,0.0017003546818736806,0.10812599300178741,9.660698910580749,7,0,0
95,20260806,2027071196,10,CoSaMP,0.001700354681873681,0.10812599300178743,9.660698910580747,7,0,0
95,20260806,2027071196,10,SP,0.00018182642455554234,0.011562389258321313,19.36952413797152,8,1,0
95,20260806,2027071196,10,IHT,0.00022938709421719454,0.014586784515274044,18.36040432656185,8,1,0
95,20260806,2027071196,10,HTP,0.00018182642455554226,0.011562389258321308,19.369524137971524,8,1,0
95,20260806,2027071196,10,GP,0.00022938709421719454,0.014586784515274044,18.36040432656185,8,1,0
95,20260806,2027071196,10,MP,0.0021047631552020894,0.1338424321795163,8.73406179991377,8,1,0
96,20260807,2027071197,10,OMP,0.004921245461505982,0.43401403254164583,3.624962286513532,5,0,0
96,20260807,2027071197,10,GOMP,0.004921245461505982,0.43401403254164583,3.624962286513532,5,0,0
96,20260807,2027071197,10,CoSaMP,0.0013133457618873714,0.1158264700870632,9.361921789586273,7,0,0
96,20260807,2027071197,10,SP,0.00017451855808514708,0.01539112481593417,18.127296398499652,8,1,0
96,20260807,2027071197,10,IHT,0.004754879032399633,0.4193418595438161,3.7743178328802824,5,0,0
96,20260807,2027071197,10,HTP,0.004754106888385942,0.41927376268912625,3.7750231402346337,5,0,0
96,20260807,2027071197,10,GP,0.004754879032399633,0.4193418595438161,3.7743178328802824,5,0,0
96,20260807,2027071197,10,MP,0.004582169228573945,0.4041102522191684,3.9350013142883866,5,0,0
97,20260808,2027071198,10,OMP,0.0010012941182505114,0.07350056877021995,11.33709300197271,7,0,0
97,20260808,2027071198,10,GOMP,0.0010012941182505116,0.07350056877021997,11.33709300197271,7,0,0
97,20260808,2027071198,10,CoSaMP,0.0010111954476676411,0.07422738153230019,11.294358594814078,7,0,0
97,20260808,2027071198,10,SP,0.000999316919294554,0.07335543134737293,11.345677248082037,7,0,0
97,20260808,2027071198,10,IHT,0.0010014955464945758,0.0735153547259499,11.336219428709063,7,0,0
97,20260808,2027071198,10,HTP,0.0010744342923577827,0.07886946518022801,11.030911041475173,7,0,0
97,20260808,2027071198,10,GP,0.0010014955464945758,0.0735153547259499,11.336219428709063,7,0,0
97,20260808,2027071198,10,MP,0.0028028163888067464,0.20574234381375744,6.866763169968751,7,0,0
98,20260809,2027071199,10,OMP,3.270785315551993e-05,0.00206552151355435,26.849702772454766,8,1,1
98,20260809,2027071199,10,GOMP,0.0009949344588682523,0.06283073730328612,12.018278439149716,7,0,0
98,20260809,2027071199,10,CoSaMP,3.2707853155519644e-05,0.002065521513554332,26.8497027724548,8,1,1
98,20260809,2027071199,10,SP,3.270785315551984e-05,0.0020655215135543443,26.849702772454776,8,1,1
98,20260809,2027071199,10,IHT,2.8100024910338612e-05,0.0017745342596391792,27.509156116285215,8,1,1
98,20260809,2027071199,10,HTP,0.0009949344588682525,0.06283073730328613,12.018278439149716,7,0,0
98,20260809,2027071199,10,GP,2.8100024910338612e-05,0.0017745342596391792,27.509156116285215,8,1,1
98,20260809,2027071199,10,MP,0.002104293220743107,0.13288744136170647,8.765160604795957,8,1,0
99,20260810,2027071200,10,OMP,5.0460656063542923e-05,0.004296825610685366,23.668522720675348,8,1,1
99,20260810,2027071200,10,GOMP,5.0460656063542896e-05,0.004296825610685363,23.668522720675355,8,1,1
99,20260810,2027071200,10,CoSaMP,5.04606560635428e-05,0.004296825610685355,23.668522720675362,8,1,1
99,20260810,2027071200,10,SP,5.046065606354285e-05,0.004296825610685359,23.66852272067536,8,1,1
99,20260810,2027071200,10,IHT,5.407855633644655e-05,0.004604897042216936,23.367800754556043,8,1,1
99,20260810,2027071200,10,HTP,5.046065606354285e-05,0.004296825610685359,23.66852272067536,8,1,1
99,20260810,2027071200,10,GP,5.407855633644655e-05,0.004604897042216936,23.367800754556043,8,1,1
99,20260810,2027071200,10,MP,0.001144655884862895,0.09746973395088432,10.111302193649285,8,1,0
0,20260711,2028071101,20,OMP,3.5416220740381887e-05,0.002314415996355194,26.355585776729047,8,1,1
0,20260711,2028071101,20,GOMP,3.5416220740381826e-05,0.00231441599635519,26.355585776729058,8,1,1
0,20260711,2028071101,20,CoSaMP,3.541622074038185e-05,0.0023144159963551917,26.35558577672905,8,1,1
0,20260711,2028071101,20,SP,3.5416220740381846e-05,0.0023144159963551913,26.35558577672905,8,1,1
0,20260711,2028071101,20,IHT,9.1787326296538e-05,0.005998213581302934,22.219780741667122,8,1,1
0,20260711,2028071101,20,HTP,3.541622074038181e-05,0.002314415996355189,26.355585776729058,8,1,1
0,20260711,2028071101,20,GP,9.1787326296538e-05,0.005998213581302934,22.219780741667122,8,1,1
0,20260711,2028071101,20,MP,0.0002191985222308902,0.014324412814892613,18.439231715580327,8,1,0
1,20260712,2028071102,20,OMP,1.3099550757782465e-05,0.0009487280257967007,30.228582700010804,8,1,1
1,20260712,2028071102,20,GOMP,1.3099550757782596e-05,0.0009487280257967102,30.228582700010765,8,1,1
1,20260712,2028071102,20,CoSaMP,1.3099550757782453e-05,0.0009487280257966999,30.228582700010808,8,1,1
1,20260712,2028071102,20,SP,1.309955075778248e-05,0.0009487280257967018,30.2285827000108,8,1,1
1,20260712,2028071102,20,IHT,0.0028485393368636066,0.20630395281771774,6.854924507933211,6,0,0
1,20260712,2028071102,20,HTP,1.3099550757782462e-05,0.0009487280257967004,30.228582700010808,8,1,1
1,20260712,2028071102,20,GP,0.0028485393368636066,0.20630395281771774,6.854924507933211,6,0,0
1,20260712,2028071102,20,MP,0.00028780651428710746,0.02084423436802349,16.81014052365423,8,1,0
2,20260713,2028071103,20,OMP,9.400220411169769e-06,0.0007108756564541918,31.482063576927544,8,1,1
2,20260713,2028071103,20,GOMP,9.40022041116974e-06,0.0007108756564541896,31.48206357692756,8,1,1
2,20260713,2028071103,20,CoSaMP,9.40022041116979e-06,0.0007108756564541934,31.482063576927533,8,1,1
2,20260713,2028071103,20,SP,9.400220411169832e-06,0.0007108756564541966,31.482063576927516,8,1,1
2,20260713,2028071103,20,IHT,9.5650946360663e-06,0.0007233439888686562,31.406551232590026,8,1,1
2,20260713,2028071103,20,HTP,9.400220411169791e-06,0.0007108756564541935,31.482063576927533,8,1,1
2,20260713,2028071103,20,GP,9.5650946360663e-06,0.0007233439888686562,31.406551232590026,8,1,1
2,20260713,2028071103,20,MP,0.00018090902606754085,0.01368093693967417,18.63884158917328,8,1,0
3,20260714,2028071104,20,OMP,2.8532648158735783e-05,0.001253047860451794,29.02032340711232,8,1,1
3,20260714,2028071104,20,GOMP,0.0007400238633853327,0.0324990976491033,14.881286972197582,7,0,0
3,20260714,2028071104,20,CoSaMP,2.8532648158735783e-05,0.001253047860451794,29.02032340711232,8,1,1
3,20260714,2028071104,20,SP,2.8532648158735783e-05,0.001253047860451794,29.02032340711232,8,1,1
3,20260714,2028071104,20,IHT,0.0004066547440791504,0.017858764955013155,17.48148578581237,8,1,0
3,20260714,2028071104,20,HTP,2.8532648158735787e-05,0.0012530478604517942,29.02032340711232,8,1,1
3,20260714,2028071104,20,GP,0.0004066547440791504,0.017858764955013155,17.48148578581237,8,1,0
3,20260714,2028071104,20,MP,0.00026913374467411866,0.011819353782485572,19.274062676487272,8,1,0
4,20260715,2028071105,20,OMP,2.852215939835432e-05,0.0020406454032366626,26.902324547630325,8,1,1
4,20260715,2028071105,20,GOMP,2.852215939835424e-05,0.002040645403236657,26.90232454763034,8,1,1
4,20260715,2028071105,20,CoSaMP,2.8522159398354334e-05,0.002040645403236664,26.90232454763032,8,1,1
4,20260715,2028071105,20,SP,2.852215939835428e-05,0.00204064540323666,26.90232454763033,8,1,1
4,20260715,2028071105,20,IHT,2.7734761462847064e-05,0.001984310258510432,27.023904223912538,8,1,1
4,20260715,2028071105,20,HTP,2.8522159398354222e-05,0.0020406454032366557,26.90232454763034,8,1,1
4,20260715,2028071105,20,GP,2.7734761462847064e-05,0.001984310258510432,27.023904223912538,8,1,1
4,20260715,2028071105,20,MP,0.00041882389298477236,0.029965159371291246,15.23383408143091,8,1,0
5,20260716,2028071106,20,OMP,8.53149304363089e-06,0.0006871265519234243,31.629632691406123,8,1,1
5,20260716,2028071106,20,GOMP,0.0009332194927051471,0.0751615091204847,11.24004508559281,7,0,0
5,20260716,2028071106,20,CoSaMP,8.531493043630991e-06,0.0006871265519234326,31.629632691406073,8,1,1
5,20260716,2028071106,20,SP,8.531493043630983e-06,0.0006871265519234318,31.629632691406076,8,1,1
5,20260716,2028071106,20,IHT,1.0138640621992105e-05,0.0008165662371348938,30.88008580975774,8,1,1
5,20260716,2028071106,20,HTP,8.531493043630981e-06,0.0006871265519234317,31.629632691406076,8,1,1
5,20260716,2028071106,20,GP,1.0138640621992105e-05,0.0008165662371348938,30.88008580975774,8,1,1
5,20260716,2028071106,20,MP,0.00022570433219375416,0.018178229618349463,17.40448415086578,8,1,0
6,20260717,2028071107,20,OMP,1.3709848481605971e-05,0.0008951629027802489,30.480979240798682,8,1,1
6,20260717,2028071107,20,GOMP,1.3709848481605993e-05,0.0008951629027802503,30.48097924079867,8,1,1
6,20260717,2028071107,20,CoSaMP,1.370984848160601e-05,0.0008951629027802515,30.480979240798668,8,1,1
6,20260717,2028071107,20,SP,1.370984848160601e-05,0.0008951629027802515,30.480979240798668,8,1,1
6,20260717,2028071107,20,IHT,2.1134198390717897e-05,0.0013799241038112903,28.6014479925266,8,1,1
6,20260717,2028071107,20,HTP,0.0014633198748288485,0.09554516000707688,10.197913079334864,6,0,0
6,20260717,2028071107,20,GP,2.1134198390717897e-05,0.0013799241038112903,28.6014479925266,8,1,1
6,20260717,2028071107,20,MP,0.00023630429263916535,0.015429115560402601,18.11658968184782,8,1,0
7,20260718,2028071108,20,OMP,1.4208643101131887e-05,0.0008419423699103074,30.74717634493831,8,1,1
7,20260718,2028071108,20,GOMP,0.001834172590521562,0.10868508742859707,9.63830040934537,7,0,0
7,20260718,2028071108,20,CoSaMP,1.4208643101131852e-05,0.0008419423699103053,30.747176344938325,8,1,1
7,20260718,2028071108,20,SP,1.4208643101131852e-05,0.0008419423699103053,30.747176344938325,8,1,1
7,20260718,2028071108,20,IHT,1.2854305526058704e-05,0.0007616902177871495,31.182216219152696,8,1,1
7,20260718,2028071108,20,HTP,1.4208643101131852e-05,0.0008419423699103053,30.747176344938325,8,1,1
7,20260718,2028071108,20,GP,1.2854305526058704e-05,0.0007616902177871495,31.182216219152696,8,1,1
7,20260718,2028071108,20,MP,0.00038235935364036474,0.02265695169271279,16.44798521307902,8,1,0
8,20260719,2028071109,20,OMP,3.534895461472441e-05,0.0020904967856873015,26.797504958769444,8,1,1
8,20260719,2028071109,20,GOMP,3.534895461472443e-05,0.002090496785687303,26.797504958769437,8,1,1
8,20260719,2028071109,20,CoSaMP,3.534895461472458e-05,0.0020904967856873115,26.79750495876942,8,1,1
8,20260719,2028071109,20,SP,3.534895461472458e-05,0.0020904967856873115,26.79750495876942,8,1,1
8,20260719,2028071109,20,IHT,5.325339494809031e-05,0.003149344929129727,25.01779771051614,8,1,1
8,20260719,2028071109,20,HTP,3.534895461472458e-05,0.0020904967856873115,26.79750495876942,8,1,1
8,20260719,2028071109,20,GP,5.325339494809031e-05,0.003149344929129727,25.01779771051614,8,1,1
8,20260719,2028071109,20,MP,0.0002449892570245816,0.014488384732160513,18.3898003005762,8,1,0
9,20260720,2028071110,20,OMP,3.948008964192556e-06,0.00032644435378478246,34.86190838596717,8,1,1
9,20260720,2028071110,20,GOMP,0.0007922988898116933,0.06551188242853342,11.836799213041457,7,0,0
9,20260720,2028071110,20,CoSaMP,3.948008964192558e-06,0.00032644435378478256,34.86190838596717,8,1,1
9,20260720,2028071110,20,SP,3.948008964192558e-06,0.00032644435378478256,34.86190838596717,8,1,1
9,20260720,2028071110,20,IHT,0.00019131313513973464,0.015818883223838953,18.00824179930892,8,1,0
9,20260720,2028071110,20,HTP,3.948008964192556e-06,0.00032644435378478246,34.86190838596717,8,1,1
9,20260720,2028071110,20,GP,0.00019131313513973464,0.015818883223838953,18.00824179930892,8,1,0
9,20260720,2028071110,20,MP,0.00013223796678940542,0.010934204558780613,19.612128055204966,8,1,0
10,20260721,2028071111,20,OMP,1.8996828953781993e-05,0.001089582160189387,29.627400161092766,8,1,1
10,20260721,2028071111,20,GOMP,1.8996828953781993e-05,0.001089582160189387,29.627400161092766,8,1,1
10,20260721,2028071111,20,CoSaMP,1.899682895378196e-05,0.001089582160189385,29.627400161092776,8,1,1
10,20260721,2028071111,20,SP,1.899682895378196e-05,0.001089582160189385,29.627400161092776,8,1,1
10,20260721,2028071111,20,IHT,2.381805246496932e-05,0.001366108265722886,28.6451488093061,8,1,1
10,20260721,2028071111,20,HTP,1.899682895378194e-05,0.0010895821601893839,29.62740016109278,8,1,1
10,20260721,2028071111,20,GP,2.381805246496932e-05,0.001366108265722886,28.6451488093061,8,1,1
10,20260721,2028071111,20,MP,0.00028336738673684245,0.01625282041119195,17.890712634400924,8,1,0
11,20260722,2028071112,20,OMP,1.0721066737549853e-05,0.0008319988042689919,30.79877297867632,8,1,1
11,20260722,2028071112,20,GOMP,1.0721066737549851e-05,0.0008319988042689918,30.79877297867632,8,1,1
11,20260722,2028071112,20,CoSaMP,1.072106673754981e-05,0.0008319988042689887,30.798772978676332,8,1,1
11,20260722,2028071112,20,SP,1.072106673754981e-05,0.0008319988042689887,30.798772978676332,8,1,1
11,20260722,2028071112,20,IHT,1.1765547675109338e-05,0.0009130548141236463,30.395031493475745,8,1,1
11,20260722,2028071112,20,HTP,1.072106673754976e-05,0.0008319988042689847,30.798772978676354,8,1,1
11,20260722,2028071112,20,GP,1.1765547675109338e-05,0.0009130548141236463,30.395031493475745,8,1,1
11,20260722,2028071112,20,MP,0.00027126579137399365,0.021051339347769364,16.76720267864352,8,1,0
12,20260723,2028071113,20,OMP,0.0169438368984875,0.7614334819856207,1.1836803017217437,4,0,0
12,20260723,2028071113,20,GOMP,0.017052445562986466,0.7663142108358043,1.1559312063886689,4,0,0
12,20260723,2028071113,20,CoSaMP,1.9428087537985403e-05,0.0008730723997756488,30.589497408083858,8,1,1
12,20260723,2028071113,20,SP,1.9428087537985403e-05,0.0008730723997756488,30.589497408083858,8,1,1
12,20260723,2028071113,20,IHT,0.01480874792644327,0.6654854248795079,1.7686145178016903,4,0,0
12,20260723,2028071113,20,HTP,0.014800990706159938,0.6651368257229973,1.7708900651024184,4,0,0
12,20260723,2028071113,20,GP,0.01480874792644327,0.6654854248795079,1.7686145178016903,4,0,0
12,20260723,2028071113,20,MP,0.023429045481500713,1.0528701254301513,-0.223748030110628,3,0,0
13,20260724,2028071114,20,OMP,3.7508295783142134e-05,0.002664782416154296,25.743382460450228,8,1,1
13,20260724,2028071114,20,GOMP,3.750829578314214e-05,0.0026647824161542964,25.743382460450228,8,1,1
13,20260724,2028071114,20,CoSaMP,3.750829578314214e-05,0.0026647824161542964,25.743382460450228,8,1,1
13,20260724,2028071114,20,SP,3.750829578314214e-05,0.0026647824161542964,25.743382460450228,8,1,1
13,20260724,2028071114,20,IHT,2.682976910187351e-05,0.0019061249102201429,27.1984864302516,8,1,1
13,20260724,2028071114,20,HTP,3.7508295783142114e-05,0.0026647824161542943,25.743382460450228,8,1,1
13,20260724,2028071114,20,GP,2.682976910187351e-05,0.0019061249102201429,27.1984864302516,8,1,1
13,20260724,2028071114,20,MP,0.00026890667280661616,0.019104514303304832,17.188639989635803,8,1,0
14,20260725,2028071115,20,OMP,4.472090166195243e-06,0.00034848040221693643,34.578216406602714,8,1,1
14,20260725,2028071115,20,GOMP,4.472090166195243e-06,0.00034848040221693643,34.578216406602714,8,1,1
14,20260725,2028071115,20,CoSaMP,4.472090166195187e-06,0.0003484804022169321,34.57821640660277,8,1,1
14,20260725,2028071115,20,SP,4.472090166195187e-06,0.0003484804022169321,34.57821640660277,8,1,1
14,20260725,2028071115,20,IHT,0.0009993979463682186,0.07787647059484003,11.085937391745862,7,0,0
14,20260725,2028071115,20,HTP,4.472090166195191e-06,0.0003484804022169324,34.57821640660277,8,1,1
14,20260725,2028071115,20,GP,0.0009993979463682186,0.07787647059484003,11.085937391745862,7,0,0
14,20260725,2028071115,20,MP,0.00036086716921916343,0.02811999123518815,15.50984819018857,8,1,0
15,20260726,2028071116,20,OMP,1.9819744380348232e-05,0.0012877665093087532,28.90162873708512,8,1,1
15,20260726,2028071116,20,GOMP,1.981974438034826e-05,0.001287766509308755,28.901628737085115,8,1,1
15,20260726,2028071116,20,CoSaMP,1.981974438034818e-05,0.0012877665093087498,28.901628737085133,8,1,1
15,20260726,2028071116,20,SP,1.981974438034818e-05,0.0012877665093087498,28.901628737085133,8,1,1
15,20260726,2028071116,20,IHT,2.206328970902237e-05,0.001433538446672755,28.435906550342608,8,1,1
15,20260726,2028071116,20,HTP,1.981974438034818e-05,0.0012877665093087498,28.901628737085133,8,1,1
15,20260726,2028071116,20,GP,2.206328970902237e-05,0.001433538446672755,28.435906550342608,8,1,1
15,20260726,2028071116,20,MP,0.00013127548782432955,0.008529483199640052,20.690772818856935,8,1,1
16,20260727,2028071117,20,OMP,1.668175120573556e-05,0.0009717184800358688,30.124595378266225,8,1,1
16,20260727,2028071117,20,GOMP,1.6681751205735466e-05,0.0009717184800358633,30.12459537826625,8,1,1
16,20260727,2028071117,20,CoSaMP,1.6681751205735544e-05,0.0009717184800358678,30.12459537826623,8,1,1
16,20260727,2028071117,20,SP,1.6681751205735452e-05,0.0009717184800358625,30.124595378266253,8,1,1
16,20260727,2028071117,20,IHT,1.787334414362587e-05,0.001041129230990489,29.824953599969767,8,1,1
16,20260727,2028071117,20,HTP,1.6681751205735452e-05,0.0009717184800358625,30.124595378266253,8,1,1
16,20260727,2028071117,20,GP,1.787334414362587e-05,0.001041129230990489,29.824953599969767,8,1,1
16,20260727,2028071117,20,MP,0.00021281282655742786,0.012396429715569687,19.067033775871536,8,1,0
17,20260728,2028071118,20,OMP,1.7801199911325135e-05,0.0013478556998676764,28.703566004607243,8,1,1
17,20260728,2028071118,20,GOMP,1.7801199911325098e-05,0.0013478556998676736,28.703566004607254,8,1,1
17,20260728,2028071118,20,CoSaMP,1.7801199911325098e-05,0.0013478556998676736,28.703566004607254,8,1,1
17,20260728,2028071118,20,SP,1.7801199911325098e-05,0.0013478556998676736,28.703566004607254,8,1,1
17,20260728,2028071118,20,IHT,1.7910657980721404e-05,0.0013561435503197355,28.67694337156232,8,1,1
17,20260728,2028071118,20,HTP,1.7801199911325098e-05,0.0013478556998676736,28.703566004607254,8,1,1
17,20260728,2028071118,20,GP,1.7910657980721404e-05,0.0013561435503197355,28.67694337156232,8,1,1
17,20260728,2028071118,20,MP,0.0001492149755024101,0.011298129128283443,19.469934659441346,8,1,0
18,20260729,2028071119,20,OMP,4.1996975082248406e-05,0.002286430264202174,26.40842040001226,8,1,1
18,20260729,2028071119,20,GOMP,4.1996975082248406e-05,0.002286430264202174,26.40842040001226,8,1,1
18,20260729,2028071119,20,CoSaMP,4.199697508224864e-05,0.0022864302642021865,26.40842040001224,8,1,1
18,20260729,2028071119,20,SP,4.199697508224872e-05,0.002286430264202191,26.40842040001223,8,1,1
18,20260729,2028071119,20,IHT,3.872993662129032e-05,0.002108563748892016,26.76013264284636,8,1,1
18,20260729,2028071119,20,HTP,4.19969750822486e-05,0.0022864302642021848,26.408420400012243,8,1,1
18,20260729,2028071119,20,GP,3.872993662129032e-05,0.002108563748892016,26.76013264284636,8,1,1
18,20260729,2028071119,20,MP,0.0006090112695110999,0.03315624030357704,14.794347214264025,8,1,0
19,20260730,2028071120,20,OMP,9.90076744333976e-06,0.0007214549541801939,31.417907799713166,8,1,1
19,20260730,2028071120,20,GOMP,0.0016699622340060737,0.12168779177092742,9.147529898263763,7,0,0
19,20260730,2028071120,20,CoSaMP,9.90076744333976e-06,0.0007214549541801939,31.417907799713166,8,1,1
19,20260730,2028071120,20,SP,9.90076744333976e-06,0.0007214549541801939,31.417907799713166,8,1,1
19,20260730,2028071120,20,IHT,1.0105436651404952e-05,0.0007363689105953705,31.32904555640453,8,1,1
19,20260730,2028071120,20,HTP,9.900767443339777e-06,0.0007214549541801951,31.41790779971316,8,1,1
19,20260730,2028071120,20,GP,1.0105436651404952e-05,0.0007363689105953705,31.32904555640453,8,1,1
19,20260730,2028071120,20,MP,0.00017051227709530414,0.012424989048874851,19.05703985372523,8,1,0
20,20260731,2028071121,20,OMP,3.238408000992765e-05,0.0032987551515899095,24.81649918543679,8,1,1
20,20260731,2028071121,20,GOMP,3.238408000992759e-05,0.0032987551515899034,24.816499185436797,8,1,1
20,20260731,2028071121,20,CoSaMP,3.238408000992776e-05,0.0032987551515899203,24.816499185436776,8,1,1
20,20260731,2028071121,20,SP,3.238408000992776e-05,0.0032987551515899203,24.816499185436776,8,1,1
20,20260731,2028071121,20,IHT,0.003223432012780301,0.32835000885308785,4.836629676667872,5,0,0
20,20260731,2028071121,20,HTP,0.0031879775640380873,0.3247384952513643,4.884662260512504,5,0,0
20,20260731,2028071121,20,GP,0.003223432012780301,0.32835000885308785,4.836629676667872,5,0,0
20,20260731,2028071121,20,MP,0.00023016463336443323,0.023445370990683365,16.299428907591317,8,1,0
21,20260732,2028071122,20,OMP,5.5465326909953757e-05,0.0035464516216634945,24.50205960131788,8,1,1
21,20260732,2028071122,20,GOMP,5.5465326909953675e-05,0.0035464516216634893,24.50205960131789,8,1,1
21,20260732,2028071122,20,CoSaMP,5.546532690995376e-05,0.003546451621663495,24.50205960131788,8,1,1
21,20260732,2028071122,20,SP,5.546532690995376e-05,0.003546451621663495,24.50205960131788,8,1,1
21,20260732,2028071122,20,IHT,5.748129237487585e-05,0.003675352403297714,24.34701013186566,8,1,1
21,20260732,2028071122,20,HTP,5.5465326909953757e-05,0.0035464516216634945,24.50205960131788,8,1,1
21,20260732,2028071122,20,GP,5.748129237487585e-05,0.003675352403297714,24.34701013186566,8,1,1
21,20260732,2028071122,20,MP,0.00020068778970938934,0.01283197227735441,18.917065873240176,8,1,0
22,20260733,2028071123,20,OMP,3.3311273627781545e-05,0.0023820281181466613,26.23053116285709,8,1,1
22,20260733,2028071123,20,GOMP,3.3311273627781545e-05,0.0023820281181466613,26.23053116285709,8,1,1
22,20260733,2028071123,20,CoSaMP,3.3311273627781484e-05,0.002382028118146657,26.2305311628571,8,1,1
22,20260733,2028071123,20,SP,3.3311273627781484e-05,0.002382028118146657,26.2305311628571,8,1,1
22,20260733,2028071123,20,IHT,4.4495161128429826e-05,0.003181767413449834,24.973315703673617,8,1,1
22,20260733,2028071123,20,HTP,3.331127362778154e-05,0.002382028118146661,26.23053116285709,8,1,1
22,20260733,2028071123,20,GP,4.4495161128429826e-05,0.003181767413449834,24.973315703673617,8,1,1
22,20260733,2028071123,20,MP,0.00024270919634750954,0.017355689749141825,17.605581219353134,8,1,0
23,20260734,2028071124,20,OMP,1.7340197903480096e-05,0.0010728895242872929,29.694449951473135,8,1,1
23,20260734,2028071124,20,GOMP,1.734019790348018e-05,0.001072889524287298,29.694449951473114,8,1,1
23,20260734,2028071124,20,CoSaMP,1.7340197903480106e-05,0.0010728895242872935,29.694449951473132,8,1,1
23,20260734,2028071124,20,SP,1.73401979034802e-05,0.0010728895242872994,29.69444995147311,8,1,1
23,20260734,2028071124,20,IHT,2.8661299082687024e-05,0.0017733596646038532,27.51203173867891,8,1,1
23,20260734,2028071124,20,HTP,1.73401979034801e-05,0.001072889524287293,29.694449951473135,8,1,1
23,20260734,2028071124,20,GP,2.8661299082687024e-05,0.0017733596646038532,27.51203173867891,8,1,1
23,20260734,2028071124,20,MP,0.0002935080487143641,0.018160214347752418,17.408790297413265,8,1,0
24,20260735,2028071125,20,OMP,2.0643876983123368e-05,0.0009058892170671723,30.429249097825423,8,1,1
24,20260735,2028071125,20,GOMP,0.0006940919260045111,0.030457960582447766,15.162991797078348,7,0,0
24,20260735,2028071125,20,CoSaMP,2.0643876983123222e-05,0.0009058892170671659,30.429249097825455,8,1,1
24,20260735,2028071125,20,SP,2.0643876983123222e-05,0.0009058892170671659,30.429249097825455,8,1,1
24,20260735,2028071125,20,IHT,7.21925399007844e-05,0.003167934177396825,24.992238506590347,8,1,1
24,20260735,2028071125,20,HTP,2.0643876983123344e-05,0.0009058892170671712,30.429249097825426,8,1,1
24,20260735,2028071125,20,GP,7.21925399007844e-05,0.003167934177396825,24.992238506590347,8,1,1
24,20260735,2028071125,20,MP,0.0005133342196648799,0.022525998131366933,16.473159562494153,8,1,0
25,20260736,2028071126,20,OMP,2.9735180546512205e-05,0.002182512361734609,26.610432877745467,8,1,1
25,20260736,2028071126,20,GOMP,2.973518054651227e-05,0.002182512361734614,26.61043287774546,8,1,1
25,20260736,2028071126,20,CoSaMP,2.9735180546512235e-05,0.002182512361734611,26.610432877745463,8,1,1
25,20260736,2028071126,20,SP,2.973518054651233e-05,0.002182512361734618,26.61043287774545,8,1,1
25,20260736,2028071126,20,IHT,3.395121052280487e-05,0.0024919618882410727,26.03458604008521,8,1,1
25,20260736,2028071126,20,HTP,2.9735180546512324e-05,0.0021825123617346177,26.610432877745453,8,1,1
25,20260736,2028071126,20,GP,3.395121052280487e-05,0.0024919618882410727,26.03458604008521,8,1,1
25,20260736,2028071126,20,MP,0.00046432242852925687,0.03408048720304822,14.67494205334827,8,1,0
26,20260737,2028071127,20,OMP,1.579126005722743e-05,0.0012575188326260965,29.004855022208623,8,1,1
26,20260737,2028071127,20,GOMP,1.5791260057227463e-05,0.0012575188326260991,29.004855022208616,8,1,1
26,20260737,2028071127,20,CoSaMP,1.57912600572274e-05,0.0012575188326260942,29.004855022208634,8,1,1
26,20260737,2028071127,20,SP,1.579126005722737e-05,0.0012575188326260918,29.00485502220864,8,1,1
26,20260737,2028071127,20,IHT,1.9796172890756007e-05,0.0015764454599463218,28.023210498790256,8,1,1
26,20260737,2028071127,20,HTP,1.57912600572274e-05,0.0012575188326260942,29.004855022208634,8,1,1
26,20260737,2028071127,20,GP,1.9796172890756007e-05,0.0015764454599463218,28.023210498790256,8,1,1
26,20260737,2028071127,20,MP,0.0001750165556776611,0.013937242119274844,18.558231552821713,8,1,0
27,20260738,2028071128,20,OMP,0.0023703803730547772,0.1594886014946734,7.9727035012942125,7,0,0
27,20260738,2028071128,20,GOMP,0.002370380373054776,0.15948860149467328,7.972703501294215,7,0,0
27,20260738,2028071128,20,CoSaMP,0.008464683660133409,0.5695375199675993,2.4447766020973334,4,0,0
27,20260738,2028071128,20,SP,0.009147140303793396,0.6154559121865703,2.1080305204195913,4,0,0
27,20260738,2028071128,20,IHT,0.012168811997028368,0.8187659792156101,0.8684021113152418,3,0,0
27,20260738,2028071128,20,HTP,0.0065022304346307735,0.4374958763596713,3.590260360877938,5,0,0
27,20260738,2028071128,20,GP,0.012168811997028368,0.8187659792156101,0.8684021113152418,3,0,0
27,20260738,2028071128,20,MP,0.0002545428871106079,0.01712665593554897,17.663274269068904,8,1,0
28,20260739,2028071129,20,OMP,2.8910122941820897e-05,0.0016503218924753004,27.824313391246363,8,1,1
28,20260739,2028071129,20,GOMP,2.8910122941820904e-05,0.0016503218924753009,27.824313391246363,8,1,1
28,20260739,2028071129,20,CoSaMP,2.8910122941820833e-05,0.0016503218924752967,27.824313391246378,8,1,1
28,20260739,2028071129,20,SP,2.8910122941820833e-05,0.0016503218924752967,27.824313391246378,8,1,1
28,20260739,2028071129,20,IHT,3.131184002371658e-05,0.0017874228756762627,27.47772688207066,8,1,1
28,20260739,2028071129,20,HTP,2.8910122941820833e-05,0.0016503218924752967,27.824313391246378,8,1,1
28,20260739,2028071129,20,GP,3.131184002371658e-05,0.0017874228756762627,27.47772688207066,8,1,1
28,20260739,2028071129,20,MP,0.00029223544645158193,0.016682134351586487,17.77748385483852,8,1,0
29,20260740,2028071130,20,OMP,2.1974901062780335e-05,0.001656668460609636,27.80764395705177,8,1,1
29,20260740,2028071130,20,GOMP,2.1974901062780335e-05,0.001656668460609636,27.80764395705177,8,1,1
29,20260740,2028071130,20,CoSaMP,2.197490106278042e-05,0.0016566684606096423,27.807643957051752,8,1,1
29,20260740,2028071130,20,SP,2.197490106278042e-05,0.0016566684606096423,27.807643957051752,8,1,1
29,20260740,2028071130,20,IHT,2.351389438513838e-05,0.0017726918133863072,27.513667609470648,8,1,1
29,20260740,2028071130,20,HTP,2.1974901062780386e-05,0.0016566684606096397,27.807643957051763,8,1,1
29,20260740,2028071130,20,GP,2.351389438513838e-05,0.0017726918133863072,27.513667609470648,8,1,1
29,20260740,2028071130,20,MP,0.0003936641872332604,0.029677996783588442,15.275654165734098,8,1,0
30,20260741,2028071131,20,OMP,4.061030418562356e-06,0.0002652368560118502,35.76366128644198,8,1,1
30,20260741,2028071131,20,GOMP,0.0006278481413944606,0.04100645646857848,13.871477582090698,7,0,0
30,20260741,2028071131,20,CoSaMP,4.06103041856239e-06,0.0002652368560118524,35.763661286441945,8,1,1
30,20260741,2028071131,20,SP,4.06103041856239e-06,0.0002652368560118524,35.763661286441945,8,1,1
30,20260741,2028071131,20,IHT,1.575268495938754e-05,0.0010288503659749073,29.876477836018406,8,1,1
30,20260741,2028071131,20,HTP,4.061030418562396e-06,0.0002652368560118528,35.76366128644194,8,1,1
30,20260741,2028071131,20,GP,1.575268495938754e-05,0.0010288503659749073,29.876477836018406,8,1,1
30,20260741,2028071131,20,MP,0.0001460306785086761,0.009537657701818018,20.205582680710734,8,1,1
31,20260742,2028071132,20,OMP,7.695011511825723e-06,0.000722864334142809,31.409432026525145,8,1,1
31,20260742,2028071132,20,GOMP,7.69501151182574e-06,0.0007228643341428107,31.409432026525135,8,1,1
31,20260742,2028071132,20,CoSaMP,7.695011511825691e-06,0.000722864334142806,31.40943202652516,8,1,1
31,20260742,2028071132,20,SP,7.695011511825683e-06,0.0007228643341428053,31.409432026525167,8,1,1
31,20260742,2028071132,20,IHT,9.399192490340447e-06,0.0008829539774655918,30.540619327232594,8,1,1
31,20260742,2028071132,20,HTP,7.695011511825716e-06,0.0007228643341428084,31.40943202652515,8,1,1
31,20260742,2028071132,20,GP,9.399192490340447e-06,0.0008829539774655918,30.540619327232594,8,1,1
31,20260742,2028071132,20,MP,0.00026207796796316225,0.024619432409431635,16.087219637643003,8,1,0
32,20260743,2028071133,20,OMP,1.6717008846422556e-05,0.0010239945165379763,29.897023689887767,8,1,1
32,20260743,2028071133,20,GOMP,0.002892903102154078,0.17720376538027696,7.5152705408270135,6,0,0
32,20260743,2028071133,20,CoSaMP,1.671700884642254e-05,0.0010239945165379754,29.89702368988777,8,1,1
32,20260743,2028071133,20,SP,1.671700884642254e-05,0.0010239945165379754,29.89702368988777,8,1,1
32,20260743,2028071133,20,IHT,0.0026880124095643456,0.1646532578326033,7.834296719078871,6,0,0
32,20260743,2028071133,20,HTP,0.002640379148214306,0.16173549910702248,7.911946469196163,6,0,0
32,20260743,2028071133,20,GP,0.0026880124095643456,0.1646532578326033,7.834296719078871,6,0,0
32,20260743,2028071133,20,MP,0.00010959457581918957,0.0067131773221003966,21.730718811939504,8,1,1
33,20260744,2028071134,20,OMP,1.4039846011694567e-05,0.0007454794399022562,31.275643297564297,8,1,1
33,20260744,2028071134,20,GOMP,1.4039846011694567e-05,0.0007454794399022562,31.275643297564297,8,1,1
33,20260744,2028071134,20,CoSaMP,1.4039846011694552e-05,0.0007454794399022554,31.2756432975643,8,1,1
33,20260744,2028071134,20,SP,1.4039846011694552e-05,0.0007454794399022554,31.2756432975643,8,1,1
33,20260744,2028071134,20,IHT,4.07665307486999e-05,0.002164597139027371,26.64622919900742,8,1,1
33,20260744,2028071134,20,HTP,1.403984601169458e-05,0.0007454794399022569,31.275643297564294,8,1,1
33,20260744,2028071134,20,GP,4.07665307486999e-05,0.002164597139027371,26.64622919900742,8,1,1
33,20260744,2028071134,20,MP,0.00024283268171281693,0.01289378611435242,18.896195382607075,8,1,0
34,20260745,2028071135,20,OMP,6.988796480685094e-06,0.0005157586411521646,32.87553487013047,8,1,1
34,20260745,2028071135,20,GOMP,0.0024094047910220213,0.1778090611791885,7.500461110831861,6,0,0
34,20260745,2028071135,20,CoSaMP,6.988796480685112e-06,0.000515758641152166,32.875534870130465,8,1,1
34,20260745,2028071135,20,SP,6.988796480685106e-06,0.0005157586411521656,32.875534870130465,8,1,1
34,20260745,2028071135,20,IHT,0.008918445927323986,0.658162755973511,1.8166669714469936,3,0,0
34,20260745,2028071135,20,HTP,0.008904007598665754,0.6570972373552685,1.823703587170855,3,0,0
34,20260745,2028071135,20,GP,0.008918445927323986,0.658162755973511,1.8166669714469936,3,0,0
34,20260745,2028071135,20,MP,0.00016192860889654913,0.011949994468855621,19.226322957322484,8,1,0
35,20260746,2028071136,20,OMP,1.3506083891010454e-05,0.0007964362491072766,30.98848981656935,8,1,1
35,20260746,2028071136,20,GOMP,0.0006852094437925794,0.04040591215565276,13.935550846735204,7,0,0
35,20260746,2028071136,20,CoSaMP,1.3506083891010454e-05,0.0007964362491072766,30.98848981656935,8,1,1
35,20260746,2028071136,20,SP,1.3506083891010454e-05,0.0007964362491072766,30.98848981656935,8,1,1
35,20260746,2028071136,20,IHT,1.6229323431213303e-05,0.0009570221526394897,30.190780092892577,8,1,1
35,20260746,2028071136,20,HTP,1.3506083891010486e-05,0.0007964362491072784,30.988489816569338,8,1,1
35,20260746,2028071136,20,GP,1.6229323431213303e-05,0.0009570221526394897,30.190780092892577,8,1,1
35,20260746,2028071136,20,MP,0.00021623722352509905,0.01275122860271358,18.944479681968744,8,1,0
36,20260747,2028071137,20,OMP,7.731328600552919e-05,0.004153744217617637,23.81560250289459,8,1,1
36,20260747,2028071137,20,GOMP,7.731328600552919e-05,0.004153744217617637,23.81560250289459,8,1,1
36,20260747,2028071137,20,CoSaMP,7.7313286005529e-05,0.004153744217617626,23.815602502894603,8,1,1
36,20260747,2028071137,20,SP,7.731328600552887e-05,0.004153744217617619,23.81560250289461,8,1,1
36,20260747,2028071137,20,IHT,7.697227202313585e-05,0.0041354228535846575,23.834800765372496,8,1,1
36,20260747,2028071137,20,HTP,7.731328600552914e-05,0.004153744217617633,23.815602502894592,8,1,1
36,20260747,2028071137,20,GP,7.697227202313585e-05,0.0041354228535846575,23.834800765372496,8,1,1
36,20260747,2028071137,20,MP,0.0004523772715407095,0.02430448339383067,16.14313605677408,8,1,0
37,20260748,2028071138,20,OMP,6.539150794980145e-06,0.00048382531899414247,33.153114083765246,8,1,1
37,20260748,2028071138,20,GOMP,6.5391507949801815e-06,0.0004838253189941452,33.153114083765225,8,1,1
37,20260748,2028071138,20,CoSaMP,6.539150794980139e-06,0.00048382531899414204,33.153114083765246,8,1,1
37,20260748,2028071138,20,SP,6.5391507949801256e-06,0.000483825318994141,33.15311408376526,8,1,1
37,20260748,2028071138,20,IHT,0.0009928718116972272,0.07346160626598025,11.339395798727686,7,0,0
37,20260748,2028071138,20,HTP,6.539150794980139e-06,0.00048382531899414204,33.153114083765246,8,1,1
37,20260748,2028071138,20,GP,0.0009928718116972272,0.07346160626598025,11.339395798727686,7,0,0
37,20260748,2028071138,20,MP,0.00011442842603090888,0.00846644640293392,20.72298836592011,8,1,1
38,20260749,2028071139,20,OMP,2.6094485387467715e-05,0.002055990296478006,26.869789393829887,8,1,1
38,20260749,2028071139,20,GOMP,2.609448538746764e-05,0.002055990296478,26.869789393829894,8,1,1
38,20260749,2028071139,20,CoSaMP,2.609448538746751e-05,0.00205599029647799,26.86978939382992,8,1,1
38,20260749,2028071139,20,SP,2.6094485387467488e-05,0.0020559902964779877,26.869789393829922,8,1,1
38,20260749,2028071139,20,IHT,1.728829815837816e-05,0.001362148849783982,28.65775431991778,8,1,1
38,20260749,2028071139,20,HTP,2.6094485387467688e-05,0.0020559902964780038,26.86978939382989,8,1,1
38,20260749,2028071139,20,GP,1.728829815837816e-05,0.001362148849783982,28.65775431991778,8,1,1
38,20260749,2028071139,20,MP,0.005085864470606245,0.40071639066661113,3.971628930789573,6,0,0
39,20260750,2028071140,20,OMP,3.617134256526571e-05,0.001959800556654341,27.077881233127652,8,1,1
39,20260750,2028071140,20,GOMP,3.617134256526572e-05,0.001959800556654342,27.077881233127652,8,1,1
39,20260750,2028071140,20,CoSaMP,3.617134256526576e-05,0.001959800556654344,27.07788123312765,8,1,1
39,20260750,2028071140,20,SP,3.617134256526576e-05,0.001959800556654344,27.07788123312765,8,1,1
39,20260750,2028071140,20,IHT,0.0017638604135122866,0.0955677720290486,10.196885385781298,7,0,0
39,20260750,2028071140,20,HTP,0.001475333441515292,0.07993508382265364,10.972625652871706,7,0,0
39,20260750,2028071140,20,GP,0.0017638604135122866,0.0955677720290486,10.196885385781298,7,0,0
39,20260750,2028071140,20,MP,0.0003623476089818795,0.019632366271827947,17.070273521135107,8,1,0
40,20260751,2028071141,20,OMP,5.877209881917169e-06,0.00041605999282621044,33.80844042751026,8,1,1
40,20260751,2028071141,20,GOMP,5.877209881917179e-06,0.00041605999282621115,33.808440427510256,8,1,1
40,20260751,2028071141,20,CoSaMP,5.877209881917249e-06,0.00041605999282621613,33.808440427510206,8,1,1
40,20260751,2028071141,20,SP,5.877209881917249e-06,0.00041605999282621613,33.808440427510206,8,1,1
40,20260751,2028071141,20,IHT,6.352431458886159e-05,0.004497019232450848,23.47075255076173,8,1,1
40,20260751,2028071141,20,HTP,5.877209881917249e-06,0.00041605999282621613,33.808440427510206,8,1,1
40,20260751,2028071141,20,GP,6.352431458886159e-05,0.004497019232450848,23.47075255076173,8,1,1
40,20260751,2028071141,20,MP,0.0003613392444768157,0.025579961663001072,15.921001107392868,8,1,0
41,20260752,2028071142,20,OMP,2.5960562924160375e-05,0.0018929078833755106,27.228705200642608,8,1,1
41,20260752,2028071142,20,GOMP,2.5960562924160396e-05,0.001892907883375512,27.228705200642604,8,1,1
41,20260752,2028071142,20,CoSaMP,2.5960562924160372e-05,0.0018929078833755102,27.228705200642608,8,1,1
41,20260752,2028071142,20,SP,2.5960562924160372e-05,0.0018929078833755102,27.228705200642608,8,1,1
41,20260752,2028071142,20,IHT,2.4961787610262593e-05,0.0018200824338303286,27.399089418243232,8,1,1
41,20260752,2028071142,20,HTP,2.5960562924160375e-05,0.0018929078833755106,27.228705200642608,8,1,1
41,20260752,2028071142,20,GP,2.4961787610262593e-05,0.0018200824338303286,27.399089418243232,8,1,1
41,20260752,2028071142,20,MP,0.00013334803511285017,0.009723038272904175,20.12198004726542,8,1,1
42,20260753,2028071143,20,OMP,3.948576283012493e-05,0.002055412959767233,26.871009094908615,8,1,1
42,20260753,2028071143,20,GOMP,3.948576283012503e-05,0.0020554129597672383,26.871009094908604,8,1,1
42,20260753,2028071143,20,CoSaMP,3.9485762830125e-05,0.0020554129597672366,26.871009094908604,8,1,1
42,20260753,2028071143,20,SP,3.9485762830125e-05,0.0020554129597672366,26.871009094908604,8,1,1
42,20260753,2028071143,20,IHT,0.007838446465639068,0.40802667329056713,3.893114455271156,5,0,0
42,20260753,2028071143,20,HTP,0.007952535903346629,0.41396554573544153,3.8303580361256606,5,0,0
42,20260753,2028071143,20,GP,0.007838446465639068,0.40802667329056713,3.893114455271156,5,0,0
42,20260753,2028071143,20,MP,0.0008326779791400917,0.04334466367030851,13.630643625751608,8,1,0
43,20260754,2028071144,20,OMP,2.9923179210768178e-05,0.0017799314134174583,27.49596732156395,8,1,1
43,20260754,2028071144,20,GOMP,2.9923179210768317e-05,0.0017799314134174665,27.495967321563928,8,1,1
43,20260754,2028071144,20,CoSaMP,2.9923179210768212e-05,0.0017799314134174602,27.495967321563946,8,1,1
43,20260754,2028071144,20,SP,2.9923179210768222e-05,0.0017799314134174609,27.495967321563942,8,1,1
43,20260754,2028071144,20,IHT,2.7027763892977493e-05,0.0016077023650691751,27.937943493515256,8,1,1
43,20260754,2028071144,20,HTP,2.992317921076825e-05,0.0017799314134174624,27.49596732156394,8,1,1
43,20260754,2028071144,20,GP,2.7027763892977493e-05,0.0016077023650691751,27.937943493515256,8,1,1
43,20260754,2028071144,20,MP,0.0001958802476920949,0.01165161641680392,19.33613821230047,8,1,0
44,20260755,2028071145,20,OMP,4.619993082560342e-06,0.0002381628102116576,36.23126053855892,8,1,1
44,20260755,2028071145,20,GOMP,4.619993082560301e-06,0.00023816281021165548,36.23126053855896,8,1,1
44,20260755,2028071145,20,CoSaMP,4.6199930825603054e-06,0.0002381628102116557,36.231260538558956,8,1,1
44,20260755,2028071145,20,SP,4.6199930825603054e-06,0.0002381628102116557,36.231260538558956,8,1,1
44,20260755,2028071145,20,IHT,0.010148364411940766,0.5231529450819736,2.8137132548321646,4,0,0
44,20260755,2028071145,20,HTP,0.010124713945210128,0.5219337524297923,2.823846172659586,4,0,0
44,20260755,2028071145,20,GP,0.010148364411940766,0.5231529450819736,2.8137132548321646,4,0,0
44,20260755,2028071145,20,MP,0.00022220633477591458,0.011454840773860182,19.41010943272009,8,1,0
45,20260756,2028071146,20,OMP,1.757673987752293e-05,0.0011537452771365534,29.378900637495477,8,1,1
45,20260756,2028071146,20,GOMP,1.757673987752293e-05,0.0011537452771365534,29.378900637495477,8,1,1
45,20260756,2028071146,20,CoSaMP,1.7576739877522936e-05,0.0011537452771365538,29.378900637495477,8,1,1
45,20260756,2028071146,20,SP,1.7576739877522912e-05,0.0011537452771365523,29.378900637495484,8,1,1
45,20260756,2028071146,20,IHT,1.663913200170996e-05,0.0010922002656006766,29.616977221889623,8,1,1
45,20260756,2028071146,20,HTP,1.7576739877522936e-05,0.0011537452771365538,29.378900637495477,8,1,1
45,20260756,2028071146,20,GP,1.663913200170996e-05,0.0010922002656006766,29.616977221889623,8,1,1
45,20260756,2028071146,20,MP,0.00019040893138219588,0.012498529695359313,19.031410736118918,8,1,0
46,20260757,2028071147,20,OMP,1.7106427152561327e-05,0.0009808856286184177,30.083816284565557,8,1,1
46,20260757,2028071147,20,GOMP,0.0011732602179102567,0.06727495321579005,11.721465955802806,7,0,0
46,20260757,2028071147,20,CoSaMP,1.7106427152561303e-05,0.0009808856286184164,30.08381628456556,8,1,1
46,20260757,2028071147,20,SP,1.7106427152561303e-05,0.0009808856286184164,30.08381628456556,8,1,1
46,20260757,2028071147,20,IHT,2.3898326576994767e-05,0.0013703343707218182,28.631734491638877,8,1,1
46,20260757,2028071147,20,HTP,1.7106427152561384e-05,0.000980885628618421,30.08381628456554,8,1,1
46,20260757,2028071147,20,GP,2.3898326576994767e-05,0.0013703343707218182,28.631734491638877,8,1,1
46,20260757,2028071147,20,MP,0.0003079541406653644,0.017658146155140424,17.530548928792836,8,1,0
47,20260758,2028071148,20,OMP,1.35594325066043e-05,0.0010522537710436688,29.77879509162243,8,1,1
47,20260758,2028071148,20,GOMP,1.3559432506604295e-05,0.0010522537710436683,29.77879509162243,8,1,1
47,20260758,2028071148,20,CoSaMP,1.3559432506604284e-05,0.0010522537710436675,29.778795091622435,8,1,1
47,20260758,2028071148,20,SP,1.3559432506604302e-05,0.0010522537710436688,29.778795091622428,8,1,1
47,20260758,2028071148,20,IHT,0.000171648593215516,0.013320460086909618,18.754807744333423,8,1,0
47,20260758,2028071148,20,HTP,1.3559432506604256e-05,0.0010522537710436653,29.778795091622445,8,1,1
47,20260758,2028071148,20,GP,0.000171648593215516,0.013320460086909618,18.754807744333423,8,1,0
47,20260758,2028071148,20,MP,0.00022488364254028524,0.017451664057016803,17.581631557349592,8,1,0
48,20260759,2028071149,20,OMP,0.0006140170690794352,0.04101493820493113,13.870579384413688,7,0,0
48,20260759,2028071149,20,GOMP,4.621891078586549e-05,0.0030873177070200575,25.104186762173057,8,1,1
48,20260759,2028071149,20,CoSaMP,4.621891078586571e-05,0.003087317707020072,25.10418676217304,8,1,1
48,20260759,2028071149,20,SP,4.621891078586565e-05,0.003087317707020068,25.104186762173043,8,1,1
48,20260759,2028071149,20,IHT,7.798253495575442e-05,0.0052090552744232695,22.83241034149247,8,1,1
48,20260759,2028071149,20,HTP,4.621891078586545e-05,0.0030873177070200545,25.10418676217306,8,1,1
48,20260759,2028071149,20,GP,7.798253495575442e-05,0.0052090552744232695,22.83241034149247,8,1,1
48,20260759,2028071149,20,MP,0.0007837787428078502,0.05235463038641323,12.810449020971024,8,1,0
49,20260760,2028071150,20,OMP,3.9817733190342e-05,0.0028023210113708535,25.524821169154684,8,1,1
49,20260760,2028071150,20,GOMP,3.9817733190342046e-05,0.002802321011370857,25.524821169154677,8,1,1
49,20260760,2028071150,20,CoSaMP,3.981773319034194e-05,0.002802321011370849,25.52482116915469,8,1,1
49,20260760,2028071150,20,SP,3.981773319034194e-05,0.002802321011370849,25.52482116915469,8,1,1
49,20260760,2028071150,20,IHT,3.770638888065644e-05,0.002653727305822963,25.76143706814829,8,1,1
49,20260760,2028071150,20,HTP,3.981773319034194e-05,0.002802321011370849,25.52482116915469,8,1,1
49,20260760,2028071150,20,GP,3.770638888065644e-05,0.002653727305822963,25.76143706814829,8,1,1
49,20260760,2028071150,20,MP,0.0002054125696924076,0.014456673294207922,18.399316334721732,8,1,0
50,20260761,2028071151,20,OMP,2.1687491758354995e-05,0.001336757044545321,28.739475185430518,8,1,1
50,20260761,2028071151,20,GOMP,0.001463873921790375,0.09022914217480249,10.4465317153094,7,0,0
50,20260761,2028071151,20,CoSaMP,2.1687491758355056e-05,0.0013367570445453247,28.739475185430507,8,1,1
50,20260761,2028071151,20,SP,2.168749175835496e-05,0.0013367570445453189,28.73947518543052,8,1,1
50,20260761,2028071151,20,IHT,1.8903455438113033e-05,0.001165156741254381,29.336156477855862,8,1,1
50,20260761,2028071151,20,HTP,2.1687491758355026e-05,0.0013367570445453228,28.73947518543051,8,1,1
50,20260761,2028071151,20,GP,1.8903455438113033e-05,0.001165156741254381,29.336156477855862,8,1,1
50,20260761,2028071151,20,MP,0.00015626298360990894,0.009631618375681626,20.163007333764305,8,1,1
51,20260762,2028071152,20,OMP,1.602282149525151e-05,0.0008514797575881862,30.698256721549882,8,1,1
51,20260762,2028071152,20,GOMP,0.0005845457045895652,0.031063744608940715,15.077461930061666,7,0,0
51,20260762,2028071152,20,CoSaMP,1.6022821495251442e-05,0.0008514797575881827,30.698256721549903,8,1,1
51,20260762,2028071152,20,SP,1.602282149525145e-05,0.000851479757588183,30.698256721549903,8,1,1
51,20260762,2028071152,20,IHT,0.003905370652395791,0.2075379830811619,6.829024081906917,6,0,0
51,20260762,2028071152,20,HTP,1.602282149525145e-05,0.000851479757588183,30.698256721549903,8,1,1
51,20260762,2028071152,20,GP,0.003905370652395791,0.2075379830811619,6.829024081906917,6,0,0
51,20260762,2028071152,20,MP,0.00021059185968881497,0.011191206598102514,19.511230867828377,8,1,0
52,20260763,2028071153,20,OMP,2.793722255852409e-05,0.002026835425006797,26.93181513720954,8,1,1
52,20260763,2028071153,20,GOMP,2.7937222558524006e-05,0.0020268354250067904,26.93181513720955,8,1,1
52,20260763,2028071153,20,CoSaMP,2.7937222558524107e-05,0.002026835425006798,26.93181513720954,8,1,1
52,20260763,2028071153,20,SP,2.7937222558524107e-05,0.002026835425006798,26.93181513720954,8,1,1
52,20260763,2028071153,20,IHT,8.261533095568315e-05,0.005993712477282331,22.22304094310744,8,1,1
52,20260763,2028071153,20,HTP,2.793722255852409e-05,0.002026835425006797,26.93181513720954,8,1,1
52,20260763,2028071153,20,GP,8.261533095568315e-05,0.005993712477282331,22.22304094310744,8,1,1
52,20260763,2028071153,20,MP,0.00019112120292159645,0.013865774371089408,18.58055871077106,8,1,0
53,20260764,2028071154,20,OMP,2.910110171801382e-05,0.0017307038166506775,27.61777248589196,8,1,1
53,20260764,2028071154,20,GOMP,2.910110171801382e-05,0.0017307038166506775,27.61777248589196,8,1,1
53,20260764,2028071154,20,CoSaMP,2.9101101718013855e-05,0.0017307038166506797,27.617772485891958,8,1,1
53,20260764,2028071154,20,SP,2.9101101718013855e-05,0.0017307038166506797,27.617772485891958,8,1,1
53,20260764,2028071154,20,IHT,2.862062309610523e-05,0.0017021287409434403,27.69007595034722,8,1,1
53,20260764,2028071154,20,HTP,2.9101101718013855e-05,0.0017307038166506797,27.617772485891958,8,1,1
53,20260764,2028071154,20,GP,2.862062309610523e-05,0.0017021287409434403,27.69007595034722,8,1,1
53,20260764,2028071154,20,MP,0.0002239227154669109,0.013317155551312807,18.75588527439602,8,1,0
54,20260765,2028071155,20,OMP,7.296541578655497e-06,0.00047997118791471313,33.187848320102724,8,1,1
54,20260765,2028071155,20,GOMP,0.0034583480243307514,0.22749235258471534,6.43033198066569,6,0,0
54,20260765,2028071155,20,CoSaMP,7.296541578655388e-06,0.0004799711879147059,33.18784832010279,8,1,1
54,20260765,2028071155,20,SP,7.296541578655419e-06,0.000479971187914708,33.18784832010277,8,1,1
54,20260765,2028071155,20,IHT,0.010566010240844187,0.6950389348362338,1.5799086632943982,3,0,0
54,20260765,2028071155,20,HTP,0.01056341980590436,0.6948685343633685,1.5809735397281153,3,0,0
54,20260765,2028071155,20,GP,0.010566010240844187,0.6950389348362338,1.5799086632943982,3,0,0
54,20260765,2028071155,20,MP,0.00021833170168855648,0.01436199946087431,18.427850939115448,8,1,0
55,20260766,2028071156,20,OMP,0.0013858848975297636,0.0829480944384339,10.811935865459368,7,0,0
55,20260766,2028071156,20,GOMP,0.0013858848975297636,0.0829480944384339,10.811935865459368,7,0,0
55,20260766,2028071156,20,CoSaMP,3.49556089355465e-05,0.002092165919627827,26.794038766300773,8,1,1
55,20260766,2028071156,20,SP,3.49556089355465e-05,0.002092165919627827,26.794038766300773,8,1,1
55,20260766,2028071156,20,IHT,3.699878885796498e-05,0.002214454488802339,26.547332408545508,8,1,1
55,20260766,2028071156,20,HTP,3.4955608935546464e-05,0.002092165919627825,26.794038766300776,8,1,1
55,20260766,2028071156,20,GP,3.699878885796498e-05,0.002214454488802339,26.547332408545508,8,1,1
55,20260766,2028071156,20,MP,0.0013840867503888724,0.08284047159102233,10.817574374367727,8,1,0
56,20260767,2028071157,20,OMP,2.4309489053948946e-05,0.0015102833270321688,28.209415720285747,8,1,1
56,20260767,2028071157,20,GOMP,2.4309489053948895e-05,0.0015102833270321655,28.209415720285755,8,1,1
56,20260767,2028071157,20,CoSaMP,2.4309489053948963e-05,0.0015102833270321699,28.20941572028574,8,1,1
56,20260767,2028071157,20,SP,2.4309489053948963e-05,0.0015102833270321699,28.20941572028574,8,1,1
56,20260767,2028071157,20,IHT,1.4821185595120646e-05,0.0009208004924119897,30.3583445713266,8,1,1
56,20260767,2028071157,20,HTP,2.4309489053948926e-05,0.0015102833270321675,28.20941572028575,8,1,1
56,20260767,2028071157,20,GP,1.4821185595120646e-05,0.0009208004924119897,30.3583445713266,8,1,1
56,20260767,2028071157,20,MP,0.00022171384676052146,0.013774486390539175,18.60924585718516,8,1,0
57,20260768,2028071158,20,OMP,3.066784596037084e-05,0.0016291397637795092,27.88041656001822,8,1,1
57,20260768,2028071158,20,GOMP,3.066784596037084e-05,0.0016291397637795092,27.88041656001822,8,1,1
57,20260768,2028071158,20,CoSaMP,3.066784596037086e-05,0.0016291397637795103,27.880416560018215,8,1,1
57,20260768,2028071158,20,SP,3.066784596037086e-05,0.0016291397637795103,27.880416560018215,8,1,1
57,20260768,2028071158,20,IHT,3.80804127879478e-05,0.0020229107311335046,26.940232817529367,8,1,1
57,20260768,2028071158,20,HTP,3.066784596037086e-05,0.0016291397637795103,27.880416560018215,8,1,1
57,20260768,2028071158,20,GP,3.80804127879478e-05,0.0020229107311335046,26.940232817529367,8,1,1
57,20260768,2028071158,20,MP,0.0006372558329315208,0.03385235528020822,14.704111098558448,8,1,0
58,20260769,2028071159,20,OMP,9.843486480566321e-06,0.0009422051108304132,30.258545443352865,8,1,1
58,20260769,2028071159,20,GOMP,9.843486480566363e-06,0.0009422051108304173,30.258545443352844,8,1,1
58,20260769,2028071159,20,CoSaMP,9.843486480566369e-06,0.0009422051108304178,30.258545443352844,8,1,1
58,20260769,2028071159,20,SP,9.84348648056634e-06,0.000942205110830415,30.258545443352855,8,1,1
58,20260769,2028071159,20,IHT,0.0019171922940759939,0.18351103356411172,7.363378187581967,6,0,0
58,20260769,2028071159,20,HTP,0.0019131347770073401,0.18312265356004356,7.372579270933727,6,0,0
58,20260769,2028071159,20,GP,0.0019171922940759939,0.18351103356411172,7.363378187581967,6,0,0
58,20260769,2028071159,20,MP,0.0001348893861837251,0.012911428212960893,18.8902571507665,8,1,0
59,20260770,2028071160,20,OMP,8.145840599919164e-06,0.0006572835506871591,31.822472363263397,8,1,1
59,20260770,2028071160,20,GOMP,0.0010842608382475643,0.08748843104558991,10.580493717232999,7,0,0
59,20260770,2028071160,20,CoSaMP,8.145840599919254e-06,0.0006572835506871664,31.822472363263348,8,1,1
59,20260770,2028071160,20,SP,8.145840599919232e-06,0.0006572835506871645,31.822472363263362,8,1,1
59,20260770,2028071160,20,IHT,6.8906512966752516e-06,0.0005560029926034559,32.54922870886163,8,1,1
59,20260770,2028071160,20,HTP,8.145840599919176e-06,0.0006572835506871601,31.822472363263394,8,1,1
59,20260770,2028071160,20,GP,6.8906512966752516e-06,0.0005560029926034559,32.54922870886163,8,1,1
59,20260770,2028071160,20,MP,0.00027167531415976144,0.021921336777293365,16.591329658217756,8,1,0
60,20260771,2028071161,20,OMP,1.4295236468915991e-05,0.001176850106043999,29.29278849190142,8,1,1
60,20260771,2028071161,20,GOMP,1.4295236468915991e-05,0.001176850106043999,29.29278849190142,8,1,1
60,20260771,2028071161,20,CoSaMP,1.429523646891604e-05,0.0011768501060440031,29.292788491901405,8,1,1
60,20260771,2028071161,20,SP,1.429523646891604e-05,0.0011768501060440031,29.292788491901405,8,1,1
60,20260771,2028071161,20,IHT,1.435700311588802e-05,0.0011819350226312186,29.274063983180298,8,1,1
60,20260771,2028071161,20,HTP,0.0006631567927997619,0.054594140056878585,12.628539704370123,7,0,0
60,20260771,2028071161,20,GP,1.435700311588802e-05,0.0011819350226312186,29.274063983180298,8,1,1
60,20260771,2028071161,20,MP,0.00019772554369644826,0.01627768295912755,17.884074145377877,8,1,0
61,20260772,2028071162,20,OMP,0.0012500628627300156,0.05939160161212589,12.262749629545054,7,0,0
61,20260772,2028071162,20,GOMP,3.1760906076141946e-05,0.0015089889770781666,28.21313932664179,8,1,1
61,20260772,2028071162,20,CoSaMP,3.176090607614193e-05,0.001508988977078166,28.21313932664179,8,1,1
61,20260772,2028071162,20,SP,3.176090607614217e-05,0.0015089889770781772,28.21313932664176,8,1,1
61,20260772,2028071162,20,IHT,0.0003843840978414582,0.01826243134299629,17.384414037702495,8,1,0
61,20260772,2028071162,20,HTP,3.176090607614207e-05,0.0015089889770781724,28.213139326641773,8,1,1
61,20260772,2028071162,20,GP,0.0003843840978414582,0.01826243134299629,17.384414037702495,8,1,0
61,20260772,2028071162,20,MP,0.0009146639943387623,0.043456502213085994,13.619452327022973,8,1,0
62,20260773,2028071163,20,OMP,2.194144089612813e-05,0.001108747937801442,29.551671749187626,8,1,1
62,20260773,2028071163,20,GOMP,2.194144089612805e-05,0.0011087479378014378,29.55167174918764,8,1,1
62,20260773,2028071163,20,CoSaMP,2.1941440896128128e-05,0.0011087479378014417,29.551671749187626,8,1,1
62,20260773,2028071163,20,SP,2.1941440896128094e-05,0.00110874793780144,29.551671749187634,8,1,1
62,20260773,2028071163,20,IHT,0.00031775796224433017,0.01605698946692968,17.943358775168857,8,1,0
62,20260773,2028071163,20,HTP,2.194144089612824e-05,0.0011087479378014474,29.551671749187605,8,1,1
62,20260773,2028071163,20,GP,0.00031775796224433017,0.01605698946692968,17.943358775168857,8,1,0
62,20260773,2028071163,20,MP,0.00028086580012628396,0.01419274960852374,18.479334590788582,8,1,0
63,20260774,2028071164,20,OMP,6.900565964287553e-06,0.0005970924023020796,32.23958454960031,8,1,1
63,20260774,2028071164,20,GOMP,6.900565964287553e-06,0.0005970924023020796,32.23958454960031,8,1,1
63,20260774,2028071164,20,CoSaMP,6.900565964287526e-06,0.0005970924023020772,32.23958454960032,8,1,1
63,20260774,2028071164,20,SP,6.900565964287526e-06,0.0005970924023020772,32.23958454960032,8,1,1
63,20260774,2028071164,20,IHT,1.3486392654728752e-05,0.0011669510342015117,29.329473667671714,8,1,1
63,20260774,2028071164,20,HTP,6.900565964287519e-06,0.0005970924023020767,32.23958454960033,8,1,1
63,20260774,2028071164,20,GP,1.3486392654728752e-05,0.0011669510342015117,29.329473667671714,8,1,1
63,20260774,2028071164,20,MP,0.00019308778592302457,0.016707506391306793,17.770883640687767,8,1,0
64,20260775,2028071165,20,OMP,0.0019556335507374383,0.11474018453352708,9.402844559889788,7,0,0
64,20260775,2028071165,20,GOMP,3.348748728751477e-05,0.001964765060143652,27.06689373626127,8,1,1
64,20260775,2028071165,20,CoSaMP,3.348748728751506e-05,0.001964765060143669,27.066893736261235,8,1,1
64,20260775,2028071165,20,SP,3.3487487287515026e-05,0.0019647650601436672,27.066893736261243,8,1,1
64,20260775,2028071165,20,IHT,3.514461141874495e-05,0.0020619912140622193,26.85713189533795,8,1,1
64,20260775,2028071165,20,HTP,3.348748728751495e-05,0.001964765060143663,27.06689373626125,8,1,1
64,20260775,2028071165,20,GP,3.514461141874495e-05,0.0020619912140622193,26.85713189533795,8,1,1
64,20260775,2028071165,20,MP,0.00022338920914471123,0.013106606332458108,18.8250974476156,8,1,0
65,20260776,2028071166,20,OMP,3.366083830070351e-05,0.002099041442469349,26.779789868306153,8,1,1
65,20260776,2028071166,20,GOMP,3.366083830070351e-05,0.002099041442469349,26.779789868306153,8,1,1
65,20260776,2028071166,20,CoSaMP,3.366083830070356e-05,0.0020990414424693522,26.77978986830615,8,1,1
65,20260776,2028071166,20,SP,3.366083830070359e-05,0.0020990414424693544,26.779789868306146,8,1,1
65,20260776,2028071166,20,IHT,4.4194932375233455e-05,0.0027559323916423835,25.597314407182555,8,1,1
65,20260776,2028071166,20,HTP,3.366083830070363e-05,0.002099041442469356,26.77978986830614,8,1,1
65,20260776,2028071166,20,GP,4.4194932375233455e-05,0.0027559323916423835,25.597314407182555,8,1,1
65,20260776,2028071166,20,MP,0.00021656939303354937,0.013504955731846761,18.695068350564032,8,1,0
66,20260777,2028071167,20,OMP,7.510291020569516e-06,0.0006566178676073718,31.82687303608343,8,1,1
66,20260777,2028071167,20,GOMP,0.0008470059118632797,0.0740529513670337,11.304576280695214,7,0,0
66,20260777,2028071167,20,CoSaMP,7.510291020569552e-06,0.0006566178676073749,31.826873036083413,8,1,1
66,20260777,2028071167,20,SP,7.510291020569523e-06,0.0006566178676073724,31.826873036083427,8,1,1
66,20260777,2028071167,20,IHT,0.0009243836618202363,0.08081801719974764,10.924918088026956,7,0,0
66,20260777,2028071167,20,HTP,7.510291020569526e-06,0.0006566178676073727,31.826873036083427,8,1,1
66,20260777,2028071167,20,GP,0.0009243836618202363,0.08081801719974764,10.924918088026956,7,0,0
66,20260777,2028071167,20,MP,0.0001480946078345577,0.012947775969552681,18.8780482363684,8,1,0
67,20260778,2028071168,20,OMP,3.499637379220411e-05,0.001987104318390402,27.01779332833773,8,1,1
67,20260778,2028071168,20,GOMP,3.499637379220411e-05,0.001987104318390402,27.01779332833773,8,1,1
67,20260778,2028071168,20,CoSaMP,3.49963737922041e-05,0.0019871043183904017,27.01779332833773,8,1,1
67,20260778,2028071168,20,SP,3.49963737922041e-05,0.0019871043183904017,27.01779332833773,8,1,1
67,20260778,2028071168,20,IHT,3.0518279360534314e-05,0.0017328368095288612,27.612423351846637,8,1,1
67,20260778,2028071168,20,HTP,3.49963737922041e-05,0.0019871043183904017,27.01779332833773,8,1,1
67,20260778,2028071168,20,GP,3.0518279360534314e-05,0.0017328368095288612,27.612423351846637,8,1,1
67,20260778,2028071168,20,MP,0.00027436989627860917,0.015578802791648137,18.07465920280832,8,1,0
68,20260779,2028071169,20,OMP,2.4615761380286367e-05,0.0015194887671569324,28.18302506100519,8,1,1
68,20260779,2028071169,20,GOMP,2.4615761380286466e-05,0.0015194887671569385,28.18302506100517,8,1,1
68,20260779,2028071169,20,CoSaMP,2.4615761380286506e-05,0.001519488767156941,28.18302506100516,8,1,1
68,20260779,2028071169,20,SP,2.4615761380286506e-05,0.001519488767156941,28.18302506100516,8,1,1
68,20260779,2028071169,20,IHT,3.21206887813457e-05,0.00198275507479065,27.027309298877032,8,1,1
68,20260779,2028071169,20,HTP,2.4615761380286398e-05,0.0015194887671569344,28.183025061005182,8,1,1
68,20260779,2028071169,20,GP,3.21206887813457e-05,0.00198275507479065,27.027309298877032,8,1,1
68,20260779,2028071169,20,MP,0.0007376655310828433,0.0455348291317485,13.41656288763728,8,1,0
69,20260780,2028071170,20,OMP,9.392015673394598e-06,0.0006224144328255538,32.059203452860054,8,1,1
69,20260780,2028071170,20,GOMP,9.392015673394598e-06,0.0006224144328255538,32.059203452860054,8,1,1
69,20260780,2028071170,20,CoSaMP,9.392015673394568e-06,0.0006224144328255518,32.059203452860075,8,1,1
69,20260780,2028071170,20,SP,9.392015673394568e-06,0.0006224144328255518,32.059203452860075,8,1,1
69,20260780,2028071170,20,IHT,5.271641449344615e-05,0.0034935479633495864,24.56733289886361,8,1,1
69,20260780,2028071170,20,HTP,9.392015673394575e-06,0.0006224144328255523,32.05920345286007,8,1,1
69,20260780,2028071170,20,GP,5.271641449344615e-05,0.0034935479633495864,24.56733289886361,8,1,1
69,20260780,2028071170,20,MP,0.00016080923571304458,0.010656923148347926,19.723681660952874,8,1,0
70,20260781,2028071171,20,OMP,1.2786322172836653e-05,0.001242991864610671,29.055317138090842,8,1,1
70,20260781,2028071171,20,GOMP,1.2786322172836653e-05,0.001242991864610671,29.055317138090842,8,1,1
70,20260781,2028071171,20,CoSaMP,1.2786322172836693e-05,0.0012429918646106749,29.055317138090828,8,1,1
70,20260781,2028071171,20,SP,1.2786322172836653e-05,0.001242991864610671,29.055317138090842,8,1,1
70,20260781,2028071171,20,IHT,1.0163584409676021e-05,0.0009880286579474205,30.052304584407864,8,1,1
70,20260781,2028071171,20,HTP,1.2786322172836693e-05,0.0012429918646106749,29.055317138090828,8,1,1
70,20260781,2028071171,20,GP,1.0163584409676021e-05,0.0009880286579474205,30.052304584407864,8,1,1
70,20260781,2028071171,20,MP,9.960576355929262e-05,0.009682937133834758,20.1399288778087,8,1,1
71,20260782,2028071172,20,OMP,1.3126930770163316e-05,0.0008065575539757066,30.93364636976526,8,1,1
71,20260782,2028071172,20,GOMP,1.312693077016338e-05,0.0008065575539757104,30.93364636976524,8,1,1
71,20260782,2028071172,20,CoSaMP,1.3126930770163313e-05,0.0008065575539757064,30.93364636976526,8,1,1
71,20260782,2028071172,20,SP,1.312693077016338e-05,0.0008065575539757104,30.93364636976524,8,1,1
71,20260782,2028071172,20,IHT,2.864252372062617e-05,0.0017598815958036762,27.545165503784045,8,1,1
71,20260782,2028071172,20,HTP,1.312693077016338e-05,0.0008065575539757104,30.93364636976524,8,1,1
71,20260782,2028071172,20,GP,2.864252372062617e-05,0.0017598815958036762,27.545165503784045,8,1,1
71,20260782,2028071172,20,MP,0.00014095989461571738,0.008660993936857023,20.624322654280732,8,1,1
72,20260783,2028071173,20,OMP,1.4847392100397724e-05,0.0009848958824239754,30.066096782117594,8,1,1
72,20260783,2028071173,20,GOMP,0.000642687647528395,0.042632430897983194,13.702599032083473,7,0,0
72,20260783,2028071173,20,CoSaMP,1.4847392100397705e-05,0.0009848958824239743,30.066096782117597,8,1,1
72,20260783,2028071173,20,SP,1.4847392100397773e-05,0.0009848958824239787,30.06609678211758,8,1,1
72,20260783,2028071173,20,IHT,0.00013763430538898356,0.009129917209788155,20.395331606360386,8,1,1
72,20260783,2028071173,20,HTP,1.4847392100397895e-05,0.000984895882423987,30.066096782117544,8,1,1
72,20260783,2028071173,20,GP,0.00013763430538898356,0.009129917209788155,20.395331606360386,8,1,1
72,20260783,2028071173,20,MP,0.00036780631138589985,0.024398286188173045,16.126406787907705,8,1,0
73,20260784,2028071174,20,OMP,2.0467022186602323e-05,0.0011683942379505676,29.324105934585386,8,1,1
73,20260784,2028071174,20,GOMP,2.046702218660232e-05,0.0011683942379505674,29.324105934585386,8,1,1
73,20260784,2028071174,20,CoSaMP,2.0467022186602374e-05,0.0011683942379505704,29.32410593458538,8,1,1
73,20260784,2028071174,20,SP,2.0467022186602374e-05,0.0011683942379505704,29.32410593458538,8,1,1
73,20260784,2028071174,20,IHT,1.9158480323265498e-05,0.0010936939342473422,29.611041965260576,8,1,1
73,20260784,2028071174,20,HTP,2.0467022186602435e-05,0.0011683942379505739,29.324105934585365,8,1,1
73,20260784,2028071174,20,GP,1.9158480323265498e-05,0.0010936939342473422,29.611041965260576,8,1,1
73,20260784,2028071174,20,MP,0.00021505066128291872,0.012276527147896404,19.109244714533745,8,1,0
74,20260785,2028071175,20,OMP,7.67185131316525e-06,0.0005864081441122516,32.318000067870344,8,1,1
74,20260785,2028071175,20,GOMP,7.671851313165229e-06,0.00058640814411225,32.31800006787036,8,1,1
74,20260785,2028071175,20,CoSaMP,7.671851313165238e-06,0.0005864081441122506,32.318000067870344,8,1,1
74,20260785,2028071175,20,SP,7.671851313165238e-06,0.0005864081441122506,32.318000067870344,8,1,1
74,20260785,2028071175,20,IHT,0.0010973806411432663,0.0838797467376926,10.763428894917276,7,0,0
74,20260785,2028071175,20,HTP,7.67185131316525e-06,0.0005864081441122516,32.318000067870344,8,1,1
74,20260785,2028071175,20,GP,0.0010973806411432663,0.0838797467376926,10.763428894917276,7,0,0
74,20260785,2028071175,20,MP,0.00022849085729774487,0.01746500213640178,17.578313569013734,8,1,0
75,20260786,2028071176,20,OMP,5.2845191359764575e-05,0.0035814981646703405,24.459352670584092,8,1,1
75,20260786,2028071176,20,GOMP,5.2845191359764575e-05,0.0035814981646703405,24.459352670584092,8,1,1
75,20260786,2028071176,20,CoSaMP,5.284519135976442e-05,0.00358149816467033,24.459352670584103,8,1,1
75,20260786,2028071176,20,SP,5.284519135976444e-05,0.0035814981646703314,24.4593526705841,8,1,1
75,20260786,2028071176,20,IHT,5.06631959145941e-05,0.003433616919828314,24.642481596366828,8,1,1
75,20260786,2028071176,20,HTP,5.284519135976444e-05,0.0035814981646703314,24.4593526705841,8,1,1
75,20260786,2028071176,20,GP,5.06631959145941e-05,0.003433616919828314,24.642481596366828,8,1,1
75,20260786,2028071176,20,MP,0.00018680692295852626,0.01266053986196893,18.975477750394216,8,1,0
76,20260787,2028071177,20,OMP,0.0040053754029287835,0.2372648492937573,6.247665975960144,6,0,0
76,20260787,2028071177,20,GOMP,0.0011688468463868092,0.06923852147608066,11.596522146504185,7,0,0
76,20260787,2028071177,20,CoSaMP,2.0498992018168033e-05,0.001214290737469496,29.15677317740505,8,1,1
76,20260787,2028071177,20,SP,2.049899201816808e-05,0.001214290737469499,29.156773177405043,8,1,1
76,20260787,2028071177,20,IHT,0.007261822548495027,0.43016572961096705,3.663641918883517,5,0,0
76,20260787,2028071177,20,HTP,0.007157827758580437,0.4240054310935349,3.726285804854594,5,0,0
76,20260787,2028071177,20,GP,0.007261822548495027,0.43016572961096705,3.663641918883517,5,0,0
76,20260787,2028071177,20,MP,0.0007621888518589276,0.04514948160351145,13.453472317962538,8,1,0
77,20260788,2028071178,20,OMP,0.004740883654531434,0.3049084958491516,5.158304744571809,6,0,0
77,20260788,2028071178,20,GOMP,0.001829768269217358,0.11768099185186848,9.2929367989662,7,0,0
77,20260788,2028071178,20,CoSaMP,2.651676440605575e-05,0.0017054176687311855,27.68169241884731,8,1,1
77,20260788,2028071178,20,SP,2.651676440605575e-05,0.0017054176687311855,27.68169241884731,8,1,1
77,20260788,2028071178,20,IHT,1.8605586393086915e-05,0.0011966126517543205,29.220464096854812,8,1,1
77,20260788,2028071178,20,HTP,2.6516764406055755e-05,0.0017054176687311857,27.68169241884731,8,1,1
77,20260788,2028071178,20,GP,1.8605586393086915e-05,0.0011966126517543205,29.220464096854812,8,1,1
77,20260788,2028071178,20,MP,0.004697305788280292,0.30210579858442316,5.198409388477067,6,0,0
78,20260789,2028071179,20,OMP,7.294498933346818e-06,0.0006054978503722321,32.17887394342787,8,1,1
78,20260789,2028071179,20,GOMP,7.294498933346758e-06,0.0006054978503722271,32.1788739434279,8,1,1
78,20260789,2028071179,20,CoSaMP,7.294498933346768e-06,0.000605497850372228,32.178873943427895,8,1,1
78,20260789,2028071179,20,SP,7.294498933346768e-06,0.000605497850372228,32.178873943427895,8,1,1
78,20260789,2028071179,20,IHT,1.4378002433685391e-05,0.0011934815051441595,29.23184306674881,8,1,1
78,20260789,2028071179,20,HTP,7.294498933346768e-06,0.000605497850372228,32.178873943427895,8,1,1
78,20260789,2028071179,20,GP,1.4378002433685391e-05,0.0011934815051441595,29.23184306674881,8,1,1
78,20260789,2028071179,20,MP,0.00018420818837252542,0.015290654382117005,18.15573928030377,8,1,0
79,20260790,2028071180,20,OMP,1.1544094750020651e-05,0.0010710743785538105,29.701803694352908,8,1,1
79,20260790,2028071180,20,GOMP,1.1544094750020658e-05,0.0010710743785538111,29.701803694352904,8,1,1
79,20260790,2028071180,20,CoSaMP,1.1544094750020677e-05,0.0010710743785538128,29.7018036943529,8,1,1
79,20260790,2028071180,20,SP,1.1544094750020724e-05,0.0010710743785538172,29.701803694352883,8,1,1
79,20260790,2028071180,20,IHT,1.1058318097649602e-05,0.0010260034624429268,29.888511736127796,8,1,1
79,20260790,2028071180,20,HTP,1.1544094750020724e-05,0.0010710743785538172,29.701803694352883,8,1,1
79,20260790,2028071180,20,GP,1.1058318097649602e-05,0.0010260034624429268,29.888511736127796,8,1,1
79,20260790,2028071180,20,MP,0.00018615143890915166,0.017271344446142953,17.62673854510426,8,1,0
80,20260791,2028071181,20,OMP,8.711001684328079e-06,0.0005431708925642011,32.650635110719065,8,1,1
80,20260791,2028071181,20,GOMP,8.711001684328057e-06,0.0005431708925641998,32.65063511071908,8,1,1
80,20260791,2028071181,20,CoSaMP,8.711001684328107e-06,0.0005431708925642029,32.65063511071905,8,1,1
80,20260791,2028071181,20,SP,8.711001684328107e-06,0.0005431708925642029,32.65063511071905,8,1,1
80,20260791,2028071181,20,IHT,0.006390069658836114,0.3984501399399235,3.9962601630986527,5,0,0
80,20260791,2028071181,20,HTP,0.0063917969126653035,0.3985578421351571,3.9950864115073137,5,0,0
80,20260791,2028071181,20,GP,0.006390069658836114,0.3984501399399235,3.9962601630986527,5,0,0
80,20260791,2028071181,20,MP,0.0003297202706923377,0.020559570554403068,16.869859610678546,8,1,0
81,20260792,2028071182,20,OMP,1.7015598197715516e-05,0.0011281639983168575,29.476277634847612,8,1,1
81,20260792,2028071182,20,GOMP,0.0008334825952757848,0.05526135762538658,12.575784498217647,7,0,0
81,20260792,2028071182,20,CoSaMP,1.7015598197715597e-05,0.001128163998316863,29.476277634847598,8,1,1
81,20260792,2028071182,20,SP,1.7015598197715597e-05,0.001128163998316863,29.476277634847598,8,1,1
81,20260792,2028071182,20,IHT,3.57456653368051e-05,0.002370000293864518,26.252516001402206,8,1,1
81,20260792,2028071182,20,HTP,1.7015598197715587e-05,0.0011281639983168623,29.476277634847598,8,1,1
81,20260792,2028071182,20,GP,3.57456653368051e-05,0.002370000293864518,26.252516001402206,8,1,1
81,20260792,2028071182,20,MP,0.00026809384177088396,0.017775091827037518,17.50188147004797,8,1,0
82,20260793,2028071183,20,OMP,1.9571914446397916e-05,0.0011151147179733671,29.52680452059748,8,1,1
82,20260793,2028071183,20,GOMP,1.957191444639791e-05,0.0011151147179733667,29.52680452059748,8,1,1
82,20260793,2028071183,20,CoSaMP,1.9571914446397886e-05,0.0011151147179733654,29.526804520597487,8,1,1
82,20260793,2028071183,20,SP,1.9571914446397916e-05,0.0011151147179733671,29.52680452059748,8,1,1
82,20260793,2028071183,20,IHT,1.7124591055862762e-05,0.0009756778560403999,30.1069355163462,8,1,1
82,20260793,2028071183,20,HTP,1.9571914446397893e-05,0.0011151147179733658,29.526804520597484,8,1,1
82,20260793,2028071183,20,GP,1.7124591055862762e-05,0.0009756778560403999,30.1069355163462,8,1,1
82,20260793,2028071183,20,MP,0.0003023497673266266,0.017226453571781045,17.63804122014292,8,1,0
83,20260794,2028071184,20,OMP,2.0390958726841605e-05,0.0012782619741007971,28.933801303350105,8,1,1
83,20260794,2028071184,20,GOMP,2.0390958726841683e-05,0.0012782619741008021,28.933801303350087,8,1,1
83,20260794,2028071184,20,CoSaMP,2.0390958726841622e-05,0.0012782619741007982,28.9338013033501,8,1,1
83,20260794,2028071184,20,SP,2.0390958726841622e-05,0.0012782619741007982,28.9338013033501,8,1,1
83,20260794,2028071184,20,IHT,1.4134345359079453e-05,0.0008860493733203607,30.52542077251603,8,1,1
83,20260794,2028071184,20,HTP,2.0390958726841622e-05,0.0012782619741007982,28.9338013033501,8,1,1
83,20260794,2028071184,20,GP,1.4134345359079453e-05,0.0008860493733203607,30.52542077251603,8,1,1
83,20260794,2028071184,20,MP,0.000622306173386198,0.039010932656179546,14.088136666430817,8,1,0
84,20260795,2028071185,20,OMP,0.0020541211577868464,0.13990776535189384,8.541581800336575,7,0,0
84,20260795,2028071185,20,GOMP,0.0027733021418950956,0.1888917330155004,7.237870488770821,7,0,0
84,20260795,2028071185,20,CoSaMP,1.1708929686236609e-05,0.0007975041690475622,30.982670379389713,8,1,1
84,20260795,2028071185,20,SP,1.1708929686236609e-05,0.0007975041690475622,30.982670379389713,8,1,1
84,20260795,2028071185,20,IHT,0.009427121880659547,0.6420884917246363,1.924051139571641,4,0,0
84,20260795,2028071185,20,HTP,0.009436830927726386,0.6427497823567241,1.9195806174272876,4,0,0
84,20260795,2028071185,20,GP,0.009427121880659547,0.6420884917246363,1.924051139571641,4,0,0
84,20260795,2028071185,20,MP,0.0012247036866161211,0.08341550612199473,10.787532107859265,8,1,0
85,20260796,2028071186,20,OMP,2.280406437395286e-05,0.001611519575578334,27.927644146232478,8,1,1
85,20260796,2028071186,20,GOMP,2.280406437395286e-05,0.001611519575578334,27.927644146232478,8,1,1
85,20260796,2028071186,20,CoSaMP,2.280406437395286e-05,0.001611519575578334,27.927644146232478,8,1,1
85,20260796,2028071186,20,SP,2.280406437395286e-05,0.001611519575578334,27.927644146232478,8,1,1
85,20260796,2028071186,20,IHT,2.351945414158719e-05,0.0016620748009892907,27.79349434868468,8,1,1
85,20260796,2028071186,20,HTP,2.280406437395287e-05,0.0016115195755783346,27.927644146232478,8,1,1
85,20260796,2028071186,20,GP,2.351945414158719e-05,0.0016620748009892907,27.79349434868468,8,1,1
85,20260796,2028071186,20,MP,0.00018647704513709252,0.013177975807579184,18.80151294075211,8,1,0
86,20260797,2028071187,20,OMP,2.2333459670886083e-05,0.0011345133451732884,29.451903911840414,8,1,1
86,20260797,2028071187,20,GOMP,2.2333459670886188e-05,0.0011345133451732938,29.451903911840397,8,1,1
86,20260797,2028071187,20,CoSaMP,2.2333459670886144e-05,0.0011345133451732916,29.451903911840404,8,1,1
86,20260797,2028071187,20,SP,2.2333459670886168e-05,0.0011345133451732927,29.4519039118404,8,1,1
86,20260797,2028071187,20,IHT,0.006913815507419451,0.3512136531832819,4.5442860954581645,6,0,0
86,20260797,2028071187,20,HTP,0.006906032226020822,0.3508182716908437,4.549177953292079,6,0,0
86,20260797,2028071187,20,GP,0.006913815507419451,0.3512136531832819,4.5442860954581645,6,0,0
86,20260797,2028071187,20,MP,0.00025460117012319556,0.012933438412949657,18.88286000621939,8,1,0
87,20260798,2028071188,20,OMP,9.072356555881892e-06,0.0006177169851240172,32.09210456871438,8,1,1
87,20260798,2028071188,20,GOMP,9.072356555881966e-06,0.0006177169851240223,32.09210456871435,8,1,1
87,20260798,2028071188,20,CoSaMP,9.072356555881836e-06,0.0006177169851240134,32.092104568714404,8,1,1
87,20260798,2028071188,20,SP,9.072356555881863e-06,0.0006177169851240153,32.0921045687144,8,1,1
87,20260798,2028071188,20,IHT,0.0008692791483173414,0.059187322656716806,12.277713049295203,7,0,0
87,20260798,2028071188,20,HTP,9.07235655588186e-06,0.0006177169851240151,32.0921045687144,8,1,1
87,20260798,2028071188,20,GP,0.0008692791483173414,0.059187322656716806,12.277713049295203,7,0,0
87,20260798,2028071188,20,MP,0.0003344576257566567,0.022772490803416836,16.425894646409823,8,1,0
88,20260799,2028071189,20,OMP,9.507433928168141e-06,0.0007102862412756099,31.48566597824008,8,1,1
88,20260799,2028071189,20,GOMP,9.507433928168194e-06,0.0007102862412756138,31.48566597824005,8,1,1
88,20260799,2028071189,20,CoSaMP,9.507433928168079e-06,0.0007102862412756053,31.485665978240107,8,1,1
88,20260799,2028071189,20,SP,9.507433928168079e-06,0.0007102862412756053,31.485665978240107,8,1,1
88,20260799,2028071189,20,IHT,2.373755391533158e-05,0.0017733973304452529,27.51193949628903,8,1,1
88,20260799,2028071189,20,HTP,9.507433928168143e-06,0.00071028624127561,31.48566597824008,8,1,1
88,20260799,2028071189,20,GP,2.373755391533158e-05,0.0017733973304452529,27.51193949628903,8,1,1
88,20260799,2028071189,20,MP,0.0001608110479841624,0.012013954100680279,19.203140316078542,8,1,0
89,20260800,2028071190,20,OMP,3.419128907124395e-05,0.0021278523986466586,26.720585007550454,8,1,1
89,20260800,2028071190,20,GOMP,3.419128907124386e-05,0.0021278523986466534,26.72058500755046,8,1,1
89,20260800,2028071190,20,CoSaMP,3.419128907124401e-05,0.0021278523986466625,26.720585007550444,8,1,1
89,20260800,2028071190,20,SP,3.4191289071244127e-05,0.00212785239864667,26.72058500755043,8,1,1
89,20260800,2028071190,20,IHT,3.854398485873649e-05,0.002398737013517315,26.200173634698274,8,1,1
89,20260800,2028071190,20,HTP,3.4191289071244025e-05,0.0021278523986466634,26.720585007550444,8,1,1
89,20260800,2028071190,20,GP,3.854398485873649e-05,0.002398737013517315,26.200173634698274,8,1,1
89,20260800,2028071190,20,MP,0.0005821920976183128,0.036232001923324555,14.409076692711906,8,1,0
90,20260801,2028071191,20,OMP,1.6792301809942436e-05,0.0013895252463895242,28.571335580855646,8,1,1
90,20260801,2028071191,20,GOMP,1.679230180994245e-05,0.0013895252463895253,28.571335580855642,8,1,1
90,20260801,2028071191,20,CoSaMP,1.6792301809942402e-05,0.0013895252463895214,28.571335580855653,8,1,1
90,20260801,2028071191,20,SP,1.6792301809942402e-05,0.0013895252463895214,28.571335580855653,8,1,1
90,20260801,2028071191,20,IHT,2.3181927130265112e-05,0.0019182523856493292,27.170942530132223,8,1,1
90,20260801,2028071191,20,HTP,1.6792301809942396e-05,0.001389525246389521,28.57133558085566,8,1,1
90,20260801,2028071191,20,GP,2.3181927130265112e-05,0.0019182523856493292,27.170942530132223,8,1,1
90,20260801,2028071191,20,MP,0.0001439536097233471,0.011911837774441537,19.2402122980798,8,1,0
91,20260802,2028071192,20,OMP,1.1785286894559806e-05,0.0008487209480757208,30.71235078462657,8,1,1
91,20260802,2028071192,20,GOMP,1.1785286894559806e-05,0.0008487209480757208,30.71235078462657,8,1,1
91,20260802,2028071192,20,CoSaMP,1.1785286894559909e-05,0.0008487209480757281,30.71235078462653,8,1,1
91,20260802,2028071192,20,SP,1.178528689455989e-05,0.0008487209480757268,30.712350784626537,8,1,1
91,20260802,2028071192,20,IHT,1.0996100321781958e-05,0.0007918874418361884,31.01336544248123,8,1,1
91,20260802,2028071192,20,HTP,1.1785286894559905e-05,0.0008487209480757279,30.71235078462653,8,1,1
91,20260802,2028071192,20,GP,1.0996100321781958e-05,0.0007918874418361884,31.01336544248123,8,1,1
91,20260802,2028071192,20,MP,0.00015054459856265125,0.010841514132231443,19.64910059739339,8,1,0
92,20260803,2028071193,20,OMP,3.366391019295064e-05,0.002628949454492436,25.80217763778021,8,1,1
92,20260803,2028071193,20,GOMP,3.366391019295064e-05,0.002628949454492436,25.80217763778021,8,1,1
92,20260803,2028071193,20,CoSaMP,3.366391019295067e-05,0.0026289494544924387,25.802177637780204,8,1,1
92,20260803,2028071193,20,SP,3.3663910192950685e-05,0.00262894945449244,25.802177637780204,8,1,1
92,20260803,2028071193,20,IHT,2.872441727293242e-05,0.0022432046867835917,26.491310963301768,8,1,1
92,20260803,2028071193,20,HTP,3.36639101929507e-05,0.002628949454492441,25.8021776377802,8,1,1
92,20260803,2028071193,20,GP,2.872441727293242e-05,0.0022432046867835917,26.491310963301768,8,1,1
92,20260803,2028071193,20,MP,0.00021995644004282167,0.017177278567709675,17.65045641240941,8,1,0
93,20260804,2028071194,20,OMP,3.721629672731877e-05,0.0020304670971024227,26.924040436832442,8,1,1
93,20260804,2028071194,20,GOMP,3.721629672731884e-05,0.0020304670971024266,26.924040436832435,8,1,1
93,20260804,2028071194,20,CoSaMP,3.721629672731877e-05,0.0020304670971024227,26.924040436832442,8,1,1
93,20260804,2028071194,20,SP,3.721629672731877e-05,0.0020304670971024227,26.924040436832442,8,1,1
93,20260804,2028071194,20,IHT,3.72590968688416e-05,0.002032802210661683,26.919048756644717,8,1,1
93,20260804,2028071194,20,HTP,3.7216296727318786e-05,0.0020304670971024235,26.924040436832442,8,1,1
93,20260804,2028071194,20,GP,3.72590968688416e-05,0.002032802210661683,26.919048756644717,8,1,1
93,20260804,2028071194,20,MP,0.00022302186680747674,0.012167749139707727,19.147897526338653,8,1,0
94,20260805,2028071195,20,OMP,3.322307898187912e-05,0.0015915774136034775,27.981722326426244,8,1,1
94,20260805,2028071195,20,GOMP,3.322307898187906e-05,0.0015915774136034744,27.98172232642625,8,1,1
94,20260805,2028071195,20,CoSaMP,3.3223078981879146e-05,0.0015915774136034788,27.98172232642624,8,1,1
94,20260805,2028071195,20,SP,3.322307898187925e-05,0.0015915774136034835,27.981722326426226,8,1,1
94,20260805,2028071195,20,IHT,0.0008729701385778159,0.04182031280329467,13.786127231147901,7,0,0
94,20260805,2028071195,20,HTP,0.00085800987285345,0.04110362964935238,13.861198261267567,7,0,0
94,20260805,2028071195,20,GP,0.0008729701385778159,0.04182031280329467,13.786127231147901,7,0,0
94,20260805,2028071195,20,MP,0.00022351520767968568,0.010707669699545628,19.703050339995944,8,1,0
95,20260806,2028071196,20,OMP,3.637796935952856e-05,0.0023132844590125546,26.35770959800274,8,1,1
95,20260806,2028071196,20,GOMP,3.6377969359528635e-05,0.0023132844590125594,26.357709598002728,8,1,1
95,20260806,2028071196,20,CoSaMP,3.637796935952866e-05,0.002313284459012561,26.357709598002728,8,1,1
95,20260806,2028071196,20,SP,3.637796935952866e-05,0.002313284459012561,26.357709598002728,8,1,1
95,20260806,2028071196,20,IHT,3.4096681744180714e-05,0.002168216790859723,26.638972966875883,8,1,1
95,20260806,2028071196,20,HTP,3.637796935952865e-05,0.0023132844590125603,26.357709598002728,8,1,1
95,20260806,2028071196,20,GP,3.4096681744180714e-05,0.002168216790859723,26.638972966875883,8,1,1
95,20260806,2028071196,20,MP,0.0002478066764781863,0.01575809050447695,18.024964095375353,8,1,0
96,20260807,2028071197,20,OMP,2.3587040776637597e-05,0.002080186156790479,26.818977980904815,8,1,1
96,20260807,2028071197,20,GOMP,2.35870407766375e-05,0.0020801861567904703,26.818977980904833,8,1,1
96,20260807,2028071197,20,CoSaMP,2.358704077663757e-05,0.002080186156790477,26.81897798090482,8,1,1
96,20260807,2028071197,20,SP,2.358704077663748e-05,0.002080186156790469,26.818977980904833,8,1,1
96,20260807,2028071197,20,IHT,0.0022535384792573827,0.19874386078091705,7.017062778672182,6,0,0
96,20260807,2028071197,20,HTP,0.0022516760090470454,0.19857960597737187,7.020653553687387,6,0,0
96,20260807,2028071197,20,GP,0.0022535384792573827,0.19874386078091705,7.017062778672182,6,0,0
96,20260807,2028071197,20,MP,0.00024905107404988295,0.021964289691036854,16.58282836935476,8,1,0
97,20260808,2028071198,20,OMP,3.073590807692961e-05,0.0022561869526115837,26.466249166019928,8,1,1
97,20260808,2028071198,20,GOMP,3.0735908076929653e-05,0.0022561869526115867,26.46624916601992,8,1,1
97,20260808,2028071198,20,CoSaMP,3.073590807692954e-05,0.002256186952611578,26.466249166019935,8,1,1
97,20260808,2028071198,20,SP,3.073590807692954e-05,0.002256186952611578,26.466249166019935,8,1,1
97,20260808,2028071198,20,IHT,5.2974145629456e-05,0.0038885975288504987,24.102070041512043,8,1,1
97,20260808,2028071198,20,HTP,3.073590807692962e-05,0.002256186952611584,26.466249166019928,8,1,1
97,20260808,2028071198,20,GP,5.2974145629456e-05,0.0038885975288504987,24.102070041512043,8,1,1
97,20260808,2028071198,20,MP,0.0002840061319004939,0.02084763292666605,16.809432483758712,8,1,0
98,20260809,2028071199,20,OMP,1.0451990971656405e-05,0.000660049808490372,31.80423290615218,8,1,1
98,20260809,2028071199,20,GOMP,1.045199097165646e-05,0.0006600498084903755,31.80423290615216,8,1,1
98,20260809,2028071199,20,CoSaMP,1.0451990971656451e-05,0.0006600498084903749,31.80423290615216,8,1,1
98,20260809,2028071199,20,SP,1.0451990971656451e-05,0.0006600498084903749,31.80423290615216,8,1,1
98,20260809,2028071199,20,IHT,1.0029467330032228e-05,0.0006333671745794765,31.983444484923865,8,1,1
98,20260809,2028071199,20,HTP,1.0451990971656475e-05,0.0006600498084903764,31.804232906152148,8,1,1
98,20260809,2028071199,20,GP,1.0029467330032228e-05,0.0006333671745794765,31.983444484923865,8,1,1
98,20260809,2028071199,20,MP,0.0004436364091339542,0.028015918467811027,15.52595135146669,8,1,0
99,20260810,2028071200,20,OMP,6.806748525650891e-06,0.0005796082269259757,32.368654588061126,8,1,1
99,20260810,2028071200,20,GOMP,6.806748525650818e-06,0.0005796082269259695,32.368654588061176,8,1,1
99,20260810,2028071200,20,CoSaMP,6.806748525650818e-06,0.0005796082269259695,32.368654588061176,8,1,1
99,20260810,2028071200,20,SP,6.8067485256508094e-06,0.0005796082269259688,32.368654588061176,8,1,1
99,20260810,2028071200,20,IHT,7.163757359403338e-06,0.0006100082419035203,32.14664297138351,8,1,1
99,20260810,2028071200,20,HTP,6.806748525650893e-06,0.000579608226925976,32.368654588061126,8,1,1
99,20260810,2028071200,20,GP,7.163757359403338e-06,0.0006100082419035203,32.14664297138351,8,1,1
99,20260810,2028071200,20,MP,0.00016627075675437771,0.014158286904367393,18.489892913488042,8,1,0
0,20260711,2029071101,30,OMP,1.1721956331655216e-06,7.66018583446048e-05,41.157606943488894,8,1,1
0,20260711,2029071101,30,GOMP,1.172195633165518e-06,7.660185834460457e-05,41.157606943488915,8,1,1
0,20260711,2029071101,30,CoSaMP,1.1721956331655243e-06,7.6601858344605e-05,41.15760694348889,8,1,1
0,20260711,2029071101,30,SP,1.1721956331655243e-06,7.6601858344605e-05,41.15760694348889,8,1,1
0,20260711,2029071101,30,IHT,2.7723179626579824e-05,0.0018116831512862573,27.419177546064088,8,1,1
0,20260711,2029071101,30,HTP,1.1721956331655243e-06,7.6601858344605e-05,41.15760694348889,8,1,1
0,20260711,2029071101,30,GP,2.7723179626579824e-05,0.0018116831512862573,27.419177546064088,8,1,1
0,20260711,2029071101,30,MP,2.0410439098259258e-05,0.0013338025840736656,28.749084455259677,8,1,1
1,20260712,2029071102,30,OMP,3.772650764559956e-07,2.7323223353708984e-05,45.63468067722836,8,1,1
1,20260712,2029071102,30,GOMP,3.7726507645600365e-07,2.7323223353709567e-05,45.63468067722826,8,1,1
1,20260712,2029071102,30,CoSaMP,3.772650764559888e-07,2.7323223353708493e-05,45.63468067722843,8,1,1
1,20260712,2029071102,30,SP,3.772650764559888e-07,2.7323223353708493e-05,45.63468067722843,8,1,1
1,20260712,2029071102,30,IHT,0.002333845388005755,0.16902751616592532,7.7204259037871985,7,0,0
1,20260712,2029071102,30,HTP,3.772650764559888e-07,2.7323223353708493e-05,45.63468067722843,8,1,1
1,20260712,2029071102,30,GP,0.002333845388005755,0.16902751616592532,7.7204259037871985,7,0,0
1,20260712,2029071102,30,MP,9.04928829551241e-06,0.0006553899120827582,31.835002476660467,8,1,1
2,20260713,2029071103,30,OMP,1.8486967403699313e-06,0.00013980454195878378,38.54478719036729,8,1,1
2,20260713,2029071103,30,GOMP,1.8486967403699285e-06,0.00013980454195878356,38.544787190367295,8,1,1
2,20260713,2029071103,30,CoSaMP,1.8486967403699605e-06,0.00013980454195878597,38.54478719036722,8,1,1
2,20260713,2029071103,30,SP,1.8486967403699605e-06,0.00013980454195878597,38.54478719036722,8,1,1
2,20260713,2029071103,30,IHT,2.0082419224551277e-06,0.00015186987458802196,38.18528365687739,8,1,1
2,20260713,2029071103,30,HTP,1.8486967403699605e-06,0.00013980454195878597,38.54478719036722,8,1,1
2,20260713,2029071103,30,GP,2.0082419224551277e-06,0.00015186987458802196,38.18528365687739,8,1,1
2,20260713,2029071103,30,MP,3.069285556146316e-05,0.002321094920261946,26.34307098879254,8,1,1
3,20260714,2029071104,30,OMP,3.0594704082128495e-06,0.00013436056926082913,38.71728164801249,8,1,1
3,20260714,2029071104,30,GOMP,0.0006763858371920833,0.02970435206077935,15.271799164230341,7,0,0
3,20260714,2029071104,30,CoSaMP,3.059470408212874e-06,0.00013436056926083021,38.71728164801246,8,1,1
3,20260714,2029071104,30,SP,3.059470408212874e-06,0.00013436056926083021,38.71728164801246,8,1,1
3,20260714,2029071104,30,IHT,0.00013483372891818018,0.005921396240465497,22.275758763796006,8,1,1
3,20260714,2029071104,30,HTP,3.059470408212847e-06,0.00013436056926082902,38.717281648012495,8,1,1
3,20260714,2029071104,30,GP,0.00013483372891818018,0.005921396240465497,22.275758763796006,8,1,1
3,20260714,2029071104,30,MP,9.312466650923754e-05,0.004089689238640133,23.883096912765932,8,1,1
4,20260715,2029071105,30,OMP,1.3274749588279806e-06,9.497547625375084e-05,40.223885200016454,8,1,1
4,20260715,2029071105,30,GOMP,1.3274749588279628e-06,9.497547625374956e-05,40.22388520001651,8,1,1
4,20260715,2029071105,30,CoSaMP,1.327474958827951e-06,9.497547625374871e-05,40.223885200016554,8,1,1
4,20260715,2029071105,30,SP,1.327474958827951e-06,9.497547625374871e-05,40.223885200016554,8,1,1
4,20260715,2029071105,30,IHT,1.5198117029106298e-06,0.00010873639411428317,39.63625073046969,8,1,1
4,20260715,2029071105,30,HTP,1.327474958827951e-06,9.497547625374871e-05,40.223885200016554,8,1,1
4,20260715,2029071105,30,GP,1.5198117029106298e-06,0.00010873639411428317,39.63625073046969,8,1,1
4,20260715,2029071105,30,MP,2.4423260083820125e-05,0.00174738569846772,27.576112231063277,8,1,1
5,20260716,2029071106,30,OMP,1.235021029543247e-06,9.946860851237469e-05,40.02313957454113,8,1,1
5,20260716,2029071106,30,GOMP,0.0009034702058606642,0.072765501201696,11.380744749297957,7,0,0
5,20260716,2029071106,30,CoSaMP,1.2350210295432594e-06,9.946860851237568e-05,40.0231395745411,8,1,1
5,20260716,2029071106,30,SP,1.2350210295432594e-06,9.946860851237568e-05,40.0231395745411,8,1,1
5,20260716,2029071106,30,IHT,1.5149627356827421e-06,0.00012201511687796411,39.1358635973529,8,1,1
5,20260716,2029071106,30,HTP,1.235021029543248e-06,9.946860851237476e-05,40.02313957454113,8,1,1
5,20260716,2029071106,30,GP,1.5149627356827421e-06,0.00012201511687796411,39.1358635973529,8,1,1
5,20260716,2029071106,30,MP,1.7612094629882476e-05,0.0014184783124466882,28.481772998799247,8,1,1
6,20260717,2029071107,30,OMP,1.6595808894822622e-06,0.00010835971297718869,39.651321539949805,8,1,1
6,20260717,2029071107,30,GOMP,1.6595808894822508e-06,0.00010835971297718795,39.65132153994983,8,1,1
6,20260717,2029071107,30,CoSaMP,1.6595808894822675e-06,0.00010835971297718904,39.65132153994979,8,1,1
6,20260717,2029071107,30,SP,1.6595808894822675e-06,0.00010835971297718904,39.65132153994979,8,1,1
6,20260717,2029071107,30,IHT,0.00012361063877292888,0.008070961423603864,20.930747284630687,8,1,1
6,20260717,2029071107,30,HTP,0.0014775997731387952,0.0964775434130415,10.15573763410217,6,0,0
6,20260717,2029071107,30,GP,0.00012361063877292888,0.008070961423603864,20.930747284630687,8,1,1
6,20260717,2029071107,30,MP,2.9130441272943144e-05,0.0019020261532535008,27.20783515718484,8,1,1
7,20260718,2029071108,30,OMP,1.3880649103229128e-06,8.225068726608475e-05,40.84860464507213,8,1,1
7,20260718,2029071108,30,GOMP,0.004272906554145902,0.2531938514463988,5.9654684492373065,6,0,0
7,20260718,2029071108,30,CoSaMP,1.3880649103229117e-06,8.22506872660847e-05,40.84860464507214,8,1,1
7,20260718,2029071108,30,SP,1.3880649103229117e-06,8.22506872660847e-05,40.84860464507214,8,1,1
7,20260718,2029071108,30,IHT,5.277940303692966e-06,0.00031274777865188184,35.04805766279326,8,1,1
7,20260718,2029071108,30,HTP,1.388064910322903e-06,8.225068726608418e-05,40.848604645072164,8,1,1
7,20260718,2029071108,30,GP,5.277940303692966e-06,0.00031274777865188184,35.04805766279326,8,1,1
7,20260718,2029071108,30,MP,8.515038344701071e-05,0.005045641243000643,22.970836320832333,8,1,1
8,20260719,2029071109,30,OMP,5.730046569981427e-06,0.0003388684069145027,34.699689190418674,8,1,1
8,20260719,2029071109,30,GOMP,5.730046569981396e-06,0.00033886840691450094,34.699689190418695,8,1,1
8,20260719,2029071109,30,CoSaMP,5.730046569981368e-06,0.00033886840691449926,34.69968919041872,8,1,1
8,20260719,2029071109,30,SP,5.730046569981368e-06,0.00033886840691449926,34.69968919041872,8,1,1
8,20260719,2029071109,30,IHT,1.9506279005716943e-05,0.0011535790522411995,29.37952638875214,8,1,1
8,20260719,2029071109,30,HTP,5.73004656998141e-06,0.00033886840691450175,34.69968919041868,8,1,1
8,20260719,2029071109,30,GP,1.9506279005716943e-05,0.0011535790522411995,29.37952638875214,8,1,1
8,20260719,2029071109,30,MP,3.5419606223373524e-05,0.002094675041095259,26.788833420559644,8,1,1
9,20260720,2029071110,30,OMP,2.133111180928096e-06,0.00017637804455988154,37.535554765734176,8,1,1
9,20260720,2029071110,30,GOMP,0.0006941288199328305,0.057394609820170306,12.411288921887225,7,0,0
9,20260720,2029071110,30,CoSaMP,2.133111180928084e-06,0.00017637804455988056,37.535554765734204,8,1,1
9,20260720,2029071110,30,SP,2.133111180928084e-06,0.00017637804455988056,37.535554765734204,8,1,1
9,20260720,2029071110,30,IHT,3.553697440026551e-05,0.0029384038255175614,25.31888519252987,8,1,1
9,20260720,2029071110,30,HTP,2.1331111809280883e-06,0.00017637804455988092,37.53555476573419,8,1,1
9,20260720,2029071110,30,GP,3.553697440026551e-05,0.0029384038255175614,25.31888519252987,8,1,1
9,20260720,2029071110,30,MP,1.1348780640818178e-05,0.000938383219526157,30.276197670182235,8,1,1
10,20260721,2029071111,30,OMP,1.395337655512691e-06,8.003098941333763e-05,40.96741813943269,8,1,1
10,20260721,2029071111,30,GOMP,1.395337655512691e-06,8.003098941333763e-05,40.96741813943269,8,1,1
10,20260721,2029071111,30,CoSaMP,1.3953376555126598e-06,8.003098941333584e-05,40.96741813943279,8,1,1
10,20260721,2029071111,30,SP,1.3953376555126598e-06,8.003098941333584e-05,40.96741813943279,8,1,1
10,20260721,2029071111,30,IHT,0.0008085568430017343,0.046375587935077366,13.33710571493528,8,1,0
10,20260721,2029071111,30,HTP,1.3953376555126651e-06,8.003098941333615e-05,40.967418139432766,8,1,1
10,20260721,2029071111,30,GP,0.0008085568430017343,0.046375587935077366,13.33710571493528,8,1,0
10,20260721,2029071111,30,MP,1.9143937094805192e-05,0.0010980196950257255,29.59389869936672,8,1,1
11,20260722,2029071112,30,OMP,1.4656153902267326e-06,0.00011373777274569488,39.440952805125946,8,1,1
11,20260722,2029071112,30,GOMP,1.4656153902267235e-06,0.00011373777274569417,39.440952805125974,8,1,1
11,20260722,2029071112,30,CoSaMP,1.4656153902267064e-06,0.00011373777274569285,39.44095280512603,8,1,1
11,20260722,2029071112,30,SP,1.4656153902267064e-06,0.00011373777274569285,39.44095280512603,8,1,1
11,20260722,2029071112,30,IHT,1.202280745422008e-06,9.33019229404915e-05,40.30109405408499,8,1,1
11,20260722,2029071112,30,HTP,1.4656153902267064e-06,0.00011373777274569285,39.44095280512603,8,1,1
11,20260722,2029071112,30,GP,1.202280745422008e-06,9.33019229404915e-05,40.30109405408499,8,1,1
11,20260722,2029071112,30,MP,8.830154498746447e-06,0.000685256249617049,31.641469949539925,8,1,1
12,20260723,2029071113,30,OMP,0.0170859349062868,0.7678191773573401,1.1474104497133606,4,0,0
12,20260723,2029071113,30,GOMP,0.0053854662410007794,0.2420156860909871,6.16156484589885,6,0,0
12,20260723,2029071113,30,CoSaMP,2.558606953833273e-06,0.00011498039160562263,39.39376216546964,8,1,1
12,20260723,2029071113,30,SP,2.558606953833325e-06,0.00011498039160562496,39.393762165469546,8,1,1
12,20260723,2029071113,30,IHT,0.015250788605845236,0.6853501447604208,1.6408749115643997,4,0,0
12,20260723,2029071113,30,HTP,0.01535824106734739,0.69017891538656,1.6103831231653778,4,0,0
12,20260723,2029071113,30,GP,0.015250788605845236,0.6853501447604208,1.6408749115643997,4,0,0
12,20260723,2029071113,30,MP,0.016492639828033444,0.741157286075814,1.300896176263557,3,0,0
13,20260724,2029071114,30,OMP,1.3549925017717334e-06,9.626564250261317e-05,40.165286862288795,8,1,1
13,20260724,2029071114,30,GOMP,1.3549925017717283e-06,9.62656425026128e-05,40.16528686228881,8,1,1
13,20260724,2029071114,30,CoSaMP,1.3549925017717283e-06,9.62656425026128e-05,40.16528686228881,8,1,1
13,20260724,2029071114,30,SP,1.3549925017717283e-06,9.62656425026128e-05,40.16528686228881,8,1,1
13,20260724,2029071114,30,IHT,2.0482519599508007e-06,0.00014551836314524307,38.37082199053058,8,1,1
13,20260724,2029071114,30,HTP,1.3549925017717145e-06,9.626564250261182e-05,40.16528686228885,8,1,1
13,20260724,2029071114,30,GP,2.0482519599508007e-06,0.00014551836314524307,38.37082199053058,8,1,1
13,20260724,2029071114,30,MP,1.9192994822466794e-05,0.0013635691531268348,28.653228320092428,8,1,1
14,20260725,2029071115,30,OMP,2.607168597686689e-06,0.00020315940148903476,36.921630752803,8,1,1
14,20260725,2029071115,30,GOMP,2.607168597686689e-06,0.00020315940148903476,36.921630752803,8,1,1
14,20260725,2029071115,30,CoSaMP,2.607168597686665e-06,0.00020315940148903292,36.92163075280304,8,1,1
14,20260725,2029071115,30,SP,2.607168597686665e-06,0.00020315940148903292,36.92163075280304,8,1,1
14,20260725,2029071115,30,IHT,6.252840201019564e-05,0.004872424721488491,23.12254861968105,8,1,1
14,20260725,2029071115,30,HTP,2.607168597686665e-06,0.00020315940148903292,36.92163075280304,8,1,1
14,20260725,2029071115,30,GP,6.252840201019564e-05,0.004872424721488491,23.12254861968105,8,1,1
14,20260725,2029071115,30,MP,2.0601442426299855e-05,0.0016053341225617415,27.944345629581882,8,1,1
15,20260726,2029071116,30,OMP,3.3030414357145325e-06,0.0002146115539204316,36.68346900875123,8,1,1
15,20260726,2029071116,30,GOMP,3.3030414357145583e-06,0.00021461155392043328,36.6834690087512,8,1,1
15,20260726,2029071116,30,CoSaMP,3.3030414357145287e-06,0.00021461155392043136,36.68346900875124,8,1,1
15,20260726,2029071116,30,SP,3.3030414357145287e-06,0.00021461155392043136,36.68346900875124,8,1,1
15,20260726,2029071116,30,IHT,4.244919096655672e-06,0.0002758090388299092,35.59391505202852,8,1,1
15,20260726,2029071116,30,HTP,3.3030414357145583e-06,0.00021461155392043328,36.6834690087512,8,1,1
15,20260726,2029071116,30,GP,4.244919096655672e-06,0.0002758090388299092,35.59391505202852,8,1,1
15,20260726,2029071116,30,MP,2.0912202239001362e-05,0.0013587477801166434,28.668611524430034,8,1,1
16,20260727,2029071117,30,OMP,1.3092392118987413e-06,7.626369206083043e-05,41.176821735859235,8,1,1
16,20260727,2029071117,30,GOMP,1.309239211898735e-06,7.626369206083007e-05,41.17682173585926,8,1,1
16,20260727,2029071117,30,CoSaMP,1.3092392118987866e-06,7.626369206083308e-05,41.176821735859086,8,1,1
16,20260727,2029071117,30,SP,1.3092392118987735e-06,7.62636920608323e-05,41.17682173585913,8,1,1
16,20260727,2029071117,30,IHT,2.235999983479835e-06,0.00013024786657651438,38.852293815918586,8,1,1
16,20260727,2029071117,30,HTP,1.3092392118987593e-06,7.626369206083148e-05,41.17682173585918,8,1,1
16,20260727,2029071117,30,GP,2.235999983479835e-06,0.00013024786657651438,38.852293815918586,8,1,1
16,20260727,2029071117,30,MP,2.7804074750681017e-05,0.0016195981418453318,27.90592730166641,8,1,1
17,20260728,2029071118,30,OMP,5.103344679841365e-06,0.00038641059307116787,34.12950976331869,8,1,1
17,20260728,2029071118,30,GOMP,5.1033446798413365e-06,0.0003864105930711657,34.12950976331871,8,1,1
17,20260728,2029071118,30,CoSaMP,5.1033446798413365e-06,0.0003864105930711657,34.12950976331871,8,1,1
17,20260728,2029071118,30,SP,5.1033446798413365e-06,0.0003864105930711657,34.12950976331871,8,1,1
17,20260728,2029071118,30,IHT,8.892453005180887e-06,0.0006733109862562224,31.717842991938276,8,1,1
17,20260728,2029071118,30,HTP,5.1033446798413365e-06,0.0003864105930711657,34.12950976331871,8,1,1
17,20260728,2029071118,30,GP,8.892453005180887e-06,0.0006733109862562224,31.717842991938276,8,1,1
17,20260728,2029071118,30,MP,2.5147884668150268e-05,0.0019041255566158103,27.20304417953862,8,1,1
18,20260729,2029071119,30,OMP,2.3348691130199073e-06,0.0001271166647717951,38.95797510468764,8,1,1
18,20260729,2029071119,30,GOMP,2.3348691130199073e-06,0.0001271166647717951,38.95797510468764,8,1,1
18,20260729,2029071119,30,CoSaMP,2.334869113019882e-06,0.00012711666477179372,38.95797510468769,8,1,1
18,20260729,2029071119,30,SP,2.334869113019882e-06,0.00012711666477179372,38.95797510468769,8,1,1
18,20260729,2029071119,30,IHT,1.9116464644402835e-06,0.00010407526547308048,39.82652472650199,8,1,1
18,20260729,2029071119,30,HTP,2.3348691130198828e-06,0.00012711666477179375,38.95797510468769,8,1,1
18,20260729,2029071119,30,GP,1.9116464644402835e-06,0.00010407526547308048,39.82652472650199,8,1,1
18,20260729,2029071119,30,MP,3.779907763601499e-05,0.002057885238083325,26.865788481629167,8,1,1
19,20260730,2029071120,30,OMP,8.397905113536496e-07,6.11943496660128e-05,42.132886762557135,8,1,1
19,20260730,2029071120,30,GOMP,0.0017432712017637216,0.12702971281667116,8.960946837445182,7,0,0
19,20260730,2029071120,30,CoSaMP,8.397905113536496e-07,6.11943496660128e-05,42.132886762557135,8,1,1
19,20260730,2029071120,30,SP,8.397905113536496e-07,6.11943496660128e-05,42.132886762557135,8,1,1
19,20260730,2029071120,30,IHT,2.9480654908861775e-06,0.00021482137276926546,36.67922512479006,8,1,1
19,20260730,2029071120,30,HTP,8.397905113536496e-07,6.11943496660128e-05,42.132886762557135,8,1,1
19,20260730,2029071120,30,GP,2.9480654908861775e-06,0.00021482137276926546,36.67922512479006,8,1,1
19,20260730,2029071120,30,MP,1.3548584051834624e-05,0.000987266203580843,30.055657296420655,8,1,1
20,20260731,2029071121,30,OMP,2.355158053824823e-06,0.00023990460005290904,36.19961424568886,8,1,1
20,20260731,2029071121,30,GOMP,2.355158053824785e-06,0.00023990460005290516,36.199614245688934,8,1,1
20,20260731,2029071121,30,CoSaMP,2.355158053824787e-06,0.00023990460005290538,36.199614245688934,8,1,1
20,20260731,2029071121,30,SP,2.355158053824787e-06,0.00023990460005290538,36.199614245688934,8,1,1
20,20260731,2029071121,30,IHT,0.003128073069188736,0.31863641481779603,4.967045930963662,5,0,0
20,20260731,2029071121,30,HTP,0.003093798767760823,0.315145115130795,5.014894202159237,5,0,0
20,20260731,2029071121,30,GP,0.003128073069188736,0.31863641481779603,4.967045930963662,5,0,0
20,20260731,2029071121,30,MP,1.6978672042075586e-05,0.0017295066541579216,27.620777627282507,8,1,1
21,20260732,2029071122,30,OMP,2.887720779990274e-06,0.00018464079477497873,37.33672339126373,8,1,1
21,20260732,2029071122,30,GOMP,2.887720779990277e-06,0.00018464079477497892,37.336723391263725,8,1,1
21,20260732,2029071122,30,CoSaMP,2.887720779990287e-06,0.00018464079477497957,37.33672339126371,8,1,1
21,20260732,2029071122,30,SP,2.887720779990268e-06,0.00018464079477497835,37.33672339126374,8,1,1
21,20260732,2029071122,30,IHT,2.8219466296259197e-06,0.00018043519723830685,37.43678741320839,8,1,1
21,20260732,2029071122,30,HTP,2.887720779990268e-06,0.00018464079477497835,37.33672339126374,8,1,1
21,20260732,2029071122,30,GP,2.8219466296259197e-06,0.00018043519723830685,37.43678741320839,8,1,1
21,20260732,2029071122,30,MP,1.6514008209577794e-05,0.001055905273759618,29.76375041015035,8,1,1
22,20260733,2029071123,30,OMP,1.210118865269418e-06,8.653338192891712e-05,40.62816322699328,8,1,1
22,20260733,2029071123,30,GOMP,1.210118865269418e-06,8.653338192891712e-05,40.62816322699328,8,1,1
22,20260733,2029071123,30,CoSaMP,1.2101188652694308e-06,8.653338192891802e-05,40.62816322699324,8,1,1
22,20260733,2029071123,30,SP,1.2101188652694308e-06,8.653338192891802e-05,40.62816322699324,8,1,1
22,20260733,2029071123,30,IHT,3.5772209148211142e-06,0.0002558005106361254,35.920985929057224,8,1,1
22,20260733,2029071123,30,HTP,1.2101188652694134e-06,8.653338192891679e-05,40.6281632269933,8,1,1
22,20260733,2029071123,30,GP,3.5772209148211142e-06,0.0002558005106361254,35.920985929057224,8,1,1
22,20260733,2029071123,30,MP,2.4597189076019088e-05,0.0017588999046131459,27.547588746477523,8,1,1
23,20260734,2029071124,30,OMP,1.2625515313216663e-06,7.811781153639764e-05,41.07249931935379,8,1,1
23,20260734,2029071124,30,GOMP,1.262551531321679e-06,7.811781153639842e-05,41.072499319353746,8,1,1
23,20260734,2029071124,30,CoSaMP,1.262551531321673e-06,7.811781153639806e-05,41.072499319353774,8,1,1
23,20260734,2029071124,30,SP,1.262551531321673e-06,7.811781153639806e-05,41.072499319353774,8,1,1
23,20260734,2029071124,30,IHT,6.582834363502193e-05,0.004072995053477718,23.900861173504463,8,1,1
23,20260734,2029071124,30,HTP,1.2625515313216663e-06,7.811781153639764e-05,41.07249931935379,8,1,1
23,20260734,2029071124,30,GP,6.582834363502193e-05,0.004072995053477718,23.900861173504463,8,1,1
23,20260734,2029071124,30,MP,1.6517427804212487e-05,0.001021982295585833,29.90556627680736,8,1,1
24,20260735,2029071125,30,OMP,1.2735345487342953e-06,5.588491038791088e-05,42.5270544112834,8,1,1
24,20260735,2029071125,30,GOMP,0.0006671030331272958,0.02927364103539574,15.33523256956801,7,0,0
24,20260735,2029071125,30,CoSaMP,1.2735345487342653e-06,5.588491038790956e-05,42.527054411283494,8,1,1
24,20260735,2029071125,30,SP,1.2735345487342653e-06,5.588491038790956e-05,42.527054411283494,8,1,1
24,20260735,2029071125,30,IHT,6.403842944419664e-06,0.000281011763240209,35.51275500011701,8,1,1
24,20260735,2029071125,30,HTP,1.2735345487342822e-06,5.58849103879103e-05,42.527054411283444,8,1,1
24,20260735,2029071125,30,GP,6.403842944419664e-06,0.000281011763240209,35.51275500011701,8,1,1
24,20260735,2029071125,30,MP,2.8409959064766902e-05,0.0012466784022754948,29.042455642682462,8,1,1
25,20260736,2029071126,30,OMP,8.31330854963826e-07,6.101828992804857e-05,42.145399678705864,8,1,1
25,20260736,2029071126,30,GOMP,8.313308549638367e-07,6.101828992804935e-05,42.145399678705814,8,1,1
25,20260736,2029071126,30,CoSaMP,8.31330854963834e-07,6.1018289928049156e-05,42.14539967870582,8,1,1
25,20260736,2029071126,30,SP,8.313308549638349e-07,6.1018289928049224e-05,42.14539967870582,8,1,1
25,20260736,2029071126,30,IHT,1.0287739525224465e-06,7.551028201421758e-05,41.21993907735024,8,1,1
25,20260736,2029071126,30,HTP,8.313308549638335e-07,6.101828992804912e-05,42.14539967870583,8,1,1
25,20260736,2029071126,30,GP,1.0287739525224465e-06,7.551028201421758e-05,41.21993907735024,8,1,1
25,20260736,2029071126,30,MP,3.683035200338621e-05,0.002703286042225021,25.68107997961168,8,1,1
26,20260737,2029071127,30,OMP,3.0580234642516787e-06,0.0002435221814454853,36.134614745288815,8,1,1
26,20260737,2029071127,30,GOMP,3.0580234642516215e-06,0.00024352218144548074,36.13461474528889,8,1,1
26,20260737,2029071127,30,CoSaMP,3.0580234642516456e-06,0.00024352218144548267,36.13461474528886,8,1,1
26,20260737,2029071127,30,SP,3.0580234642516456e-06,0.00024352218144548267,36.13461474528886,8,1,1
26,20260737,2029071127,30,IHT,4.660800958185487e-06,0.00037115752376945315,34.30441731397331,8,1,1
26,20260737,2029071127,30,HTP,3.058023464251609e-06,0.00024352218144547977,36.13461474528891,8,1,1
26,20260737,2029071127,30,GP,4.660800958185487e-06,0.00037115752376945315,34.30441731397331,8,1,1
26,20260737,2029071127,30,MP,1.9381058279060932e-05,0.0015433882852805224,28.11524800481902,8,1,1
27,20260738,2029071128,30,OMP,0.0011493762473666189,0.07733459674552479,11.11626174719352,7,0,0
27,20260738,2029071128,30,GOMP,0.0023848507030817764,0.16046222274356953,7.946271961882353,7,0,0
27,20260738,2029071128,30,CoSaMP,2.0191582262341343e-06,0.00013585698116607952,38.66918039954917,8,1,1
27,20260738,2029071128,30,SP,2.0191582262341393e-06,0.00013585698116607984,38.66918039954916,8,1,1
27,20260738,2029071128,30,IHT,0.005931552134666388,0.39909837484501703,3.989200406882353,5,0,0
27,20260738,2029071128,30,HTP,0.005814277280512363,0.39120765709687233,4.075926533671189,5,0,0
27,20260738,2029071128,30,GP,0.005931552134666388,0.39909837484501703,3.989200406882353,5,0,0
27,20260738,2029071128,30,MP,0.0017581580630528237,0.11829585406223692,9.27030475908373,8,1,0
28,20260739,2029071129,30,OMP,9.913531603516579e-07,5.6590967357535274e-05,42.472528822362776,8,1,1
28,20260739,2029071129,30,GOMP,9.913531603516483e-07,5.6590967357534725e-05,42.47252882236281,8,1,1
28,20260739,2029071129,30,CoSaMP,9.913531603516418e-07,5.659096735753435e-05,42.47252882236285,8,1,1
28,20260739,2029071129,30,SP,9.913531603516418e-07,5.659096735753435e-05,42.47252882236285,8,1,1
28,20260739,2029071129,30,IHT,1.187277395101739e-06,6.77752177505626e-05,41.6892907842891,8,1,1
28,20260739,2029071129,30,HTP,9.913531603516418e-07,5.659096735753435e-05,42.47252882236285,8,1,1
28,20260739,2029071129,30,GP,1.187277395101739e-06,6.77752177505626e-05,41.6892907842891,8,1,1
28,20260739,2029071129,30,MP,2.7070982578972647e-05,0.001545335358511005,28.109772582804048,8,1,1
29,20260740,2029071130,30,OMP,1.69102077180357e-06,0.0001274845684574058,38.94542381813523,8,1,1
29,20260740,2029071130,30,GOMP,1.691020771803576e-06,0.00012748456845740623,38.94542381813521,8,1,1
29,20260740,2029071130,30,CoSaMP,1.6910207718035698e-06,0.00012748456845740577,38.94542381813523,8,1,1
29,20260740,2029071130,30,SP,1.6910207718035698e-06,0.00012748456845740577,38.94542381813523,8,1,1
29,20260740,2029071130,30,IHT,1.7788894078193043e-06,0.00013410890763182012,38.725423749681795,8,1,1
29,20260740,2029071130,30,HTP,1.6910207718035698e-06,0.00012748456845740577,38.94542381813523,8,1,1
29,20260740,2029071130,30,GP,1.7788894078193043e-06,0.00013410890763182012,38.725423749681795,8,1,1
29,20260740,2029071130,30,MP,2.1731828397672933e-05,0.0016383434262092849,27.85595057108885,8,1,1
30,20260741,2029071131,30,OMP,1.945911836697221e-06,0.00012709275342599622,38.958792113407426,8,1,1
30,20260741,2029071131,30,GOMP,0.0006127252424017934,0.040018739123673736,13.977365988646573,7,0,0
30,20260741,2029071131,30,CoSaMP,1.9459118366972026e-06,0.00012709275342599502,38.95879211340747,8,1,1
30,20260741,2029071131,30,SP,1.9459118366972026e-06,0.00012709275342599502,38.95879211340747,8,1,1
30,20260741,2029071131,30,IHT,1.7176417629242486e-06,0.0001121838188825879,39.500697801278434,8,1,1
30,20260741,2029071131,30,HTP,1.9459118366972187e-06,0.00012709275342599608,38.95879211340743,8,1,1
30,20260741,2029071131,30,GP,1.7176417629242486e-06,0.0001121838188825879,39.500697801278434,8,1,1
30,20260741,2029071131,30,MP,1.7265658109818423e-05,0.001127666725442782,29.47819234295434,8,1,1
31,20260742,2029071132,30,OMP,8.601734217621561e-07,8.080412703917017e-05,40.92566457238216,8,1,1
31,20260742,2029071132,30,GOMP,8.601734217621457e-07,8.080412703916919e-05,40.9256645723822,8,1,1
31,20260742,2029071132,30,CoSaMP,8.601734217621618e-07,8.080412703917071e-05,40.925664572382125,8,1,1
31,20260742,2029071132,30,SP,8.601734217621618e-07,8.080412703917071e-05,40.925664572382125,8,1,1
31,20260742,2029071132,30,IHT,8.523984729088486e-07,8.007375344360071e-05,40.965098135355674,8,1,1
31,20260742,2029071132,30,HTP,8.601734217621618e-07,8.080412703917071e-05,40.925664572382125,8,1,1
31,20260742,2029071132,30,GP,8.523984729088486e-07,8.007375344360071e-05,40.965098135355674,8,1,1
31,20260742,2029071132,30,MP,1.3509629475321828e-05,0.0012690857317349978,28.965090386131017,8,1,1
32,20260743,2029071133,30,OMP,2.3972742591122766e-06,0.0001468441943484368,38.3314321912606,8,1,1
32,20260743,2029071133,30,GOMP,0.0006819095429561599,0.041770130002141845,13.79134173068013,7,0,0
32,20260743,2029071133,30,CoSaMP,2.397274259112294e-06,0.00014684419434843787,38.33143219126057,8,1,1
32,20260743,2029071133,30,SP,2.397274259112294e-06,0.00014684419434843787,38.33143219126057,8,1,1
32,20260743,2029071133,30,IHT,0.002683983276381872,0.1644064546919722,7.8408113581009955,6,0,0
32,20260743,2029071133,30,HTP,0.002616868092870637,0.16029533765403084,7.9507910934001575,6,0,0
32,20260743,2029071133,30,GP,0.002683983276381872,0.1644064546919722,7.8408113581009955,6,0,0
32,20260743,2029071133,30,MP,2.196875402701286e-05,0.0013456883265122444,28.710555149632675,8,1,1
33,20260744,2029071134,30,OMP,1.1408288773667885e-06,6.05750570067018e-05,42.177061684791994,8,1,1
33,20260744,2029071134,30,GOMP,1.1408288773667796e-06,6.057505700670132e-05,42.17706168479203,8,1,1
33,20260744,2029071134,30,CoSaMP,1.140828877366787e-06,6.0575057006701716e-05,42.177061684792,8,1,1
33,20260744,2029071134,30,SP,1.1408288773667794e-06,6.057505700670131e-05,42.17706168479203,8,1,1
33,20260744,2029071134,30,IHT,0.00010562074596913482,0.005608187901886087,22.511774437958252,8,1,1
33,20260744,2029071134,30,HTP,1.1408288773667686e-06,6.057505700670074e-05,42.17706168479207,8,1,1
33,20260744,2029071134,30,GP,0.00010562074596913482,0.005608187901886087,22.511774437958252,8,1,1
33,20260744,2029071134,30,MP,3.167229506507146e-05,0.001681716791328161,27.742471395246476,8,1,1
34,20260745,2029071135,30,OMP,1.1920176191966093e-06,8.796842048632887e-05,40.55673205917475,8,1,1
34,20260745,2029071135,30,GOMP,0.0023520308977885798,0.17357498721617212,7.605128580572718,6,0,0
34,20260745,2029071135,30,CoSaMP,1.1920176191965811e-06,8.79684204863268e-05,40.55673205917485,8,1,1
34,20260745,2029071135,30,SP,1.1920176191965811e-06,8.79684204863268e-05,40.55673205917485,8,1,1
34,20260745,2029071135,30,IHT,0.005191736069958827,0.3831393213499555,4.166432743573727,5,0,0
34,20260745,2029071135,30,HTP,0.0051299695904459,0.3785810836576172,4.218410899716803,5,0,0
34,20260745,2029071135,30,GP,0.005191736069958827,0.3831393213499555,4.166432743573727,5,0,0
34,20260745,2029071135,30,MP,1.5651090622338673e-05,0.0011550179282278207,29.374112745857033,8,1,1
35,20260746,2029071136,30,OMP,3.238401838883175e-06,0.00019096435609872864,37.19047687172316,8,1,1
35,20260746,2029071136,30,GOMP,3.2384018388831473e-06,0.000190964356098727,37.190476871723206,8,1,1
35,20260746,2029071136,30,CoSaMP,3.238401838883141e-06,0.00019096435609872663,37.19047687172321,8,1,1
35,20260746,2029071136,30,SP,3.238401838883141e-06,0.00019096435609872663,37.19047687172321,8,1,1
35,20260746,2029071136,30,IHT,7.581786804147295e-06,0.00044708813395163613,33.496068564744256,8,1,1
35,20260746,2029071136,30,HTP,3.238401838883141e-06,0.00019096435609872663,37.19047687172321,8,1,1
35,20260746,2029071136,30,GP,7.581786804147295e-06,0.00044708813395163613,33.496068564744256,8,1,1
35,20260746,2029071136,30,MP,5.088730525729098e-05,0.0030007583880971803,25.227689712330594,8,1,1
36,20260747,2029071137,30,OMP,4.595953027475934e-06,0.00024692280329353933,36.07438801168704,8,1,1
36,20260747,2029071137,30,GOMP,4.595953027475861e-06,0.0002469228032935354,36.07438801168711,8,1,1
36,20260747,2029071137,30,CoSaMP,4.595953027475884e-06,0.0002469228032935366,36.07438801168709,8,1,1
36,20260747,2029071137,30,SP,4.595953027475884e-06,0.0002469228032935366,36.07438801168709,8,1,1
36,20260747,2029071137,30,IHT,4.5017438829422074e-06,0.00024186130986114679,36.16433599425235,8,1,1
36,20260747,2029071137,30,HTP,4.595953027475884e-06,0.0002469228032935366,36.07438801168709,8,1,1
36,20260747,2029071137,30,GP,4.5017438829422074e-06,0.00024186130986114679,36.16433599425235,8,1,1
36,20260747,2029071137,30,MP,4.307162553699523e-05,0.002314072066538358,26.35623120054719,8,1,1
37,20260748,2029071138,30,OMP,1.3580819183190686e-06,0.00010048314191734363,39.979067938294925,8,1,1
37,20260748,2029071138,30,GOMP,1.3580819183190958e-06,0.00010048314191734564,39.97906793829484,8,1,1
37,20260748,2029071138,30,CoSaMP,1.3580819183190794e-06,0.00010048314191734443,39.97906793829489,8,1,1
37,20260748,2029071138,30,SP,1.3580819183190794e-06,0.00010048314191734443,39.97906793829489,8,1,1
37,20260748,2029071138,30,IHT,0.0016097163266074284,0.11910132364722184,9.24083411905215,7,0,0
37,20260748,2029071138,30,HTP,1.358081918319098e-06,0.0001004831419173458,39.97906793829483,8,1,1
37,20260748,2029071138,30,GP,0.0016097163266074284,0.11910132364722184,9.24083411905215,7,0,0
37,20260748,2029071138,30,MP,1.2145540335385659e-05,0.0008986365525681432,30.46415920201278,8,1,1
38,20260749,2029071139,30,OMP,2.918980153178536e-06,0.00022998709426280608,36.38296533755036,8,1,1
38,20260749,2029071139,30,GOMP,2.918980153178552e-06,0.00022998709426280732,36.38296533755033,8,1,1
38,20260749,2029071139,30,CoSaMP,2.9189801531785302e-06,0.00022998709426280562,36.38296533755037,8,1,1
38,20260749,2029071139,30,SP,2.9189801531785302e-06,0.00022998709426280562,36.38296533755037,8,1,1
38,20260749,2029071139,30,IHT,9.52436200949077e-06,0.0007504265970717837,31.24691781829405,8,1,1
38,20260749,2029071139,30,HTP,2.9189801531785467e-06,0.00022998709426280692,36.382965337550345,8,1,1
38,20260749,2029071139,30,GP,9.52436200949077e-06,0.0007504265970717837,31.24691781829405,8,1,1
38,20260749,2029071139,30,MP,5.4524821868950285e-05,0.0042960228191966,23.669334204591422,8,1,1
39,20260750,2029071140,30,OMP,6.612201372863425e-07,3.5825587363439756e-05,44.45806680578639,8,1,1
39,20260750,2029071140,30,GOMP,6.612201372863424e-07,3.582558736343975e-05,44.45806680578639,8,1,1
39,20260750,2029071140,30,CoSaMP,6.612201372863353e-07,3.582558736343937e-05,44.45806680578643,8,1,1
39,20260750,2029071140,30,SP,6.612201372863353e-07,3.582558736343937e-05,44.45806680578643,8,1,1
39,20260750,2029071140,30,IHT,0.0017059321908623711,0.09242916132389004,10.341909876110126,7,0,0
39,20260750,2029071140,30,HTP,0.0014367131545459453,0.07784259693848261,11.08782683823472,7,0,0
39,20260750,2029071140,30,GP,0.0017059321908623711,0.09242916132389004,10.341909876110126,7,0,0
39,20260750,2029071140,30,MP,0.00034739937824920363,0.01882245575059041,17.253237151620354,8,1,0
40,20260751,2029071141,30,OMP,1.5299796588768613e-06,0.00010831046341481093,39.65329585998788,8,1,1
40,20260751,2029071141,30,GOMP,1.5299796588768268e-06,0.00010831046341480848,39.65329585998798,8,1,1
40,20260751,2029071141,30,CoSaMP,1.5299796588768437e-06,0.00010831046341480968,39.65329585998793,8,1,1
40,20260751,2029071141,30,SP,1.5299796588768437e-06,0.00010831046341480968,39.65329585998793,8,1,1
40,20260751,2029071141,30,IHT,8.690380396837348e-07,6.152102235943503e-05,42.109764560191756,8,1,1
40,20260751,2029071141,30,HTP,1.5299796588768437e-06,0.00010831046341480968,39.65329585998793,8,1,1
40,20260751,2029071141,30,GP,8.690380396837348e-07,6.152102235943503e-05,42.109764560191756,8,1,1
40,20260751,2029071141,30,MP,2.6261715107530857e-05,0.0018591217973789665,27.306921571905214,8,1,1
41,20260752,2029071142,30,OMP,2.1308109377823626e-06,0.00015536754090787687,38.086397080385346,8,1,1
41,20260752,2029071142,30,GOMP,2.1308109377823626e-06,0.00015536754090787687,38.086397080385346,8,1,1
41,20260752,2029071142,30,CoSaMP,2.130810937782349e-06,0.00015536754090787587,38.08639708038537,8,1,1
41,20260752,2029071142,30,SP,2.130810937782349e-06,0.00015536754090787587,38.08639708038537,8,1,1
41,20260752,2029071142,30,IHT,2.186947778971925e-06,0.00015946074449309762,37.97346212596297,8,1,1
41,20260752,2029071142,30,HTP,2.130810937782349e-06,0.00015536754090787587,38.08639708038537,8,1,1
41,20260752,2029071142,30,GP,2.186947778971925e-06,0.00015946074449309762,37.97346212596297,8,1,1
41,20260752,2029071142,30,MP,3.875035149459238e-05,0.002825472084021007,25.489089792227546,8,1,1
42,20260753,2029071143,30,OMP,4.318893988612891e-06,0.00022481801134871594,36.48168898102929,8,1,1
42,20260753,2029071143,30,GOMP,4.318893988612875e-06,0.0002248180113487151,36.4816889810293,8,1,1
42,20260753,2029071143,30,CoSaMP,4.3188939886128945e-06,0.00022481801134871613,36.481688981029286,8,1,1
42,20260753,2029071143,30,SP,4.3188939886128945e-06,0.00022481801134871613,36.481688981029286,8,1,1
42,20260753,2029071143,30,IHT,0.011945845809363741,0.6218354295846242,2.063245373028781,3,0,0
42,20260753,2029071143,30,HTP,0.011879885826811406,0.6184019134702881,2.0872917528588006,3,0,0
42,20260753,2029071143,30,GP,0.011945845809363741,0.6218354295846242,2.063245373028781,3,0,0
42,20260753,2029071143,30,MP,1.844420729353901e-05,0.0009601046044588589,30.17681447518351,8,1,1
43,20260754,2029071144,30,OMP,3.895722198608983e-06,0.00023173066840292617,36.350164856888284,8,1,1
43,20260754,2029071144,30,GOMP,3.895722198608973e-06,0.00023173066840292557,36.35016485688829,8,1,1
43,20260754,2029071144,30,CoSaMP,3.895722198608945e-06,0.0002317306684029239,36.35016485688833,8,1,1
43,20260754,2029071144,30,SP,3.895722198608945e-06,0.0002317306684029239,36.35016485688833,8,1,1
43,20260754,2029071144,30,IHT,5.046791509689835e-06,0.0003002001452383391,35.22589101978844,8,1,1
43,20260754,2029071144,30,HTP,3.895722198608904e-06,0.00023173066840292148,36.35016485688837,8,1,1
43,20260754,2029071144,30,GP,5.046791509689835e-06,0.0003002001452383391,35.22589101978844,8,1,1
43,20260754,2029071144,30,MP,1.6876507154662347e-05,0.0010038714476748557,29.98321897888175,8,1,1
44,20260755,2029071145,30,OMP,1.129464837043693e-06,5.822444207568019e-05,42.348946643152104,8,1,1
44,20260755,2029071145,30,GOMP,1.1294648370436802e-06,5.8224442075679534e-05,42.34894664315216,8,1,1
44,20260755,2029071145,30,CoSaMP,1.1294648370436827e-06,5.822444207567967e-05,42.348946643152146,8,1,1
44,20260755,2029071145,30,SP,1.1294648370436827e-06,5.822444207567967e-05,42.348946643152146,8,1,1
44,20260755,2029071145,30,IHT,0.0016353952906235,0.08430539424226857,10.741446363515124,7,0,0
44,20260755,2029071145,30,HTP,0.0016095622656685045,0.08297368968998815,10.810595971887283,7,0,0
44,20260755,2029071145,30,GP,0.0016353952906235,0.08430539424226857,10.741446363515124,7,0,0
44,20260755,2029071145,30,MP,2.0215419758251245e-05,0.0010421143696962452,29.820846155832463,8,1,1
45,20260756,2029071146,30,OMP,3.2470183323413407e-06,0.00021313577442795846,36.71343648677701,8,1,1
45,20260756,2029071146,30,GOMP,3.2470183323413407e-06,0.00021313577442795846,36.71343648677701,8,1,1
45,20260756,2029071146,30,CoSaMP,3.2470183323413835e-06,0.00021313577442796128,36.713436486776956,8,1,1
45,20260756,2029071146,30,SP,3.2470183323413835e-06,0.00021313577442796128,36.713436486776956,8,1,1
45,20260756,2029071146,30,IHT,4.498324811402388e-06,0.00029527210633745193,35.29777577877117,8,1,1
45,20260756,2029071146,30,HTP,3.2470183323413835e-06,0.00021313577442796128,36.713436486776956,8,1,1
45,20260756,2029071146,30,GP,4.498324811402388e-06,0.00029527210633745193,35.29777577877117,8,1,1
45,20260756,2029071146,30,MP,1.5878437561432013e-05,0.0010422679332153606,29.820206236859814,8,1,1
46,20260757,2029071147,30,OMP,6.267114912377897e-07,3.5935750321371e-05,44.4447328285039,8,1,1
46,20260757,2029071147,30,GOMP,0.0012242677955908326,0.07019973695065798,11.53664515236174,7,0,0
46,20260757,2029071147,30,CoSaMP,6.267114912377895e-07,3.5935750321370994e-05,44.4447328285039,8,1,1
46,20260757,2029071147,30,SP,6.267114912377845e-07,3.59357503213707e-05,44.444732828503945,8,1,1
46,20260757,2029071147,30,IHT,3.160177916796289e-05,0.0018120517363549196,27.418294068287995,8,1,1
46,20260757,2029071147,30,HTP,6.267114912377895e-07,3.5935750321370994e-05,44.4447328285039,8,1,1
46,20260757,2029071147,30,GP,3.160177916796289e-05,0.0018120517363549196,27.418294068287995,8,1,1
46,20260757,2029071147,30,MP,1.6918269180794282e-05,0.0009700966164670025,30.131850101575548,8,1,1
47,20260758,2029071148,30,OMP,1.8446944835662293e-06,0.00014315397977095176,38.441965738139636,8,1,1
47,20260758,2029071148,30,GOMP,1.844694483566225e-06,0.0001431539797709514,38.44196573813964,8,1,1
47,20260758,2029071148,30,CoSaMP,1.8446944835662293e-06,0.00014315397977095176,38.441965738139636,8,1,1
47,20260758,2029071148,30,SP,1.8446944835662293e-06,0.00014315397977095176,38.441965738139636,8,1,1
47,20260758,2029071148,30,IHT,1.7866871717594806e-06,0.0001386524335176681,38.580725036265434,8,1,1
47,20260758,2029071148,30,HTP,1.8446944835662293e-06,0.00014315397977095176,38.441965738139636,8,1,1
47,20260758,2029071148,30,GP,1.7866871717594806e-06,0.0001386524335176681,38.580725036265434,8,1,1
47,20260758,2029071148,30,MP,1.6030269196234064e-05,0.0012439983166232596,29.051802073314732,8,1,1
48,20260759,2029071149,30,OMP,0.0005602876487794539,0.03742593561141298,14.268273339162425,7,0,0
48,20260759,2029071149,30,GOMP,2.013540989592946e-06,0.00013449994050664826,38.71277907762987,8,1,1
48,20260759,2029071149,30,CoSaMP,2.013540989592906e-06,0.00013449994050664555,38.71277907762995,8,1,1
48,20260759,2029071149,30,SP,2.013540989592906e-06,0.00013449994050664555,38.71277907762995,8,1,1
48,20260759,2029071149,30,IHT,3.783787998411444e-06,0.00025274839862037826,35.97311587359262,8,1,1
48,20260759,2029071149,30,HTP,2.013540989592934e-06,0.00013449994050664742,38.71277907762989,8,1,1
48,20260759,2029071149,30,GP,3.783787998411444e-06,0.00025274839862037826,35.97311587359262,8,1,1
48,20260759,2029071149,30,MP,0.0009563444038491683,0.06388162251794158,11.946240618253503,8,1,0
49,20260760,2029071150,30,OMP,5.514059177694269e-07,3.880724153162728e-05,44.110872263702404,8,1,1
49,20260760,2029071150,30,GOMP,5.514059177694388e-07,3.880724153162812e-05,44.11087226370231,8,1,1
49,20260760,2029071150,30,CoSaMP,5.514059177694193e-07,3.880724153162675e-05,44.11087226370246,8,1,1
49,20260760,2029071150,30,SP,5.514059177694193e-07,3.880724153162675e-05,44.11087226370246,8,1,1
49,20260760,2029071150,30,IHT,2.0655155624737945e-06,0.00014536833707645038,38.37530177592784,8,1,1
49,20260760,2029071150,30,HTP,5.514059177694193e-07,3.880724153162675e-05,44.11087226370246,8,1,1
49,20260760,2029071150,30,GP,2.0655155624737945e-06,0.00014536833707645038,38.37530177592784,8,1,1
49,20260760,2029071150,30,MP,1.8808197553994925e-05,0.0013236968297421347,28.782114712760407,8,1,1
50,20260761,2029071151,30,OMP,4.3665429641488246e-06,0.00026914163853858624,35.700191079269096,8,1,1
50,20260761,2029071151,30,GOMP,0.0007222092706476161,0.044514983149317705,13.514937866854513,7,0,0
50,20260761,2029071151,30,CoSaMP,4.366542964148858e-06,0.0002691416385385883,35.70019107926907,8,1,1
50,20260761,2029071151,30,SP,4.366542964148858e-06,0.0002691416385385883,35.70019107926907,8,1,1
50,20260761,2029071151,30,IHT,7.559718807561797e-05,0.004659601711155413,23.31651203919415,8,1,1
50,20260761,2029071151,30,HTP,4.366542964148883e-06,0.0002691416385385898,35.70019107926904,8,1,1
50,20260761,2029071151,30,GP,7.559718807561797e-05,0.004659601711155413,23.31651203919415,8,1,1
50,20260761,2029071151,30,MP,2.535950870769337e-05,0.0015630900193037728,28.06016009977536,8,1,1
51,20260762,2029071152,30,OMP,2.3771621484598197e-06,0.00012632640577804843,38.98505860172635,8,1,1
51,20260762,2029071152,30,GOMP,0.000559544008980694,0.029735112337611707,15.267304164210442,7,0,0
51,20260762,2029071152,30,CoSaMP,2.3771621484598057e-06,0.0001263264057780477,38.98505860172638,8,1,1
51,20260762,2029071152,30,SP,2.3771621484598057e-06,0.0001263264057780477,38.98505860172638,8,1,1
51,20260762,2029071152,30,IHT,0.007817545687522636,0.4154375625366011,3.814942385066104,4,0,0
51,20260762,2029071152,30,HTP,0.007791153888900303,0.4140350578466549,3.8296288403674517,4,0,0
51,20260762,2029071152,30,GP,0.007817545687522636,0.4154375625366011,3.814942385066104,4,0,0
51,20260762,2029071152,30,MP,9.305860621958737e-06,0.0004945291282738898,33.058081229221024,8,1,1
52,20260763,2029071153,30,OMP,5.83676153080572e-07,4.234549448561545e-05,43.731927913339376,8,1,1
52,20260763,2029071153,30,GOMP,5.836761530805769e-07,4.23454944856158e-05,43.73192791333934,8,1,1
52,20260763,2029071153,30,CoSaMP,5.83676153080573e-07,4.2345494485615515e-05,43.73192791333936,8,1,1
52,20260763,2029071153,30,SP,5.83676153080573e-07,4.2345494485615515e-05,43.73192791333936,8,1,1
52,20260763,2029071153,30,IHT,0.0028152919360890064,0.20424841502578564,6.898413049215007,6,0,0
52,20260763,2029071153,30,HTP,0.004838784998389293,0.3510521072086486,4.546284157461224,5,0,0
52,20260763,2029071153,30,GP,0.0028152919360890064,0.20424841502578564,6.898413049215007,6,0,0
52,20260763,2029071153,30,MP,1.685691273967857e-05,0.0012229629421985706,29.125867026059936,8,1,1
53,20260764,2029071154,30,OMP,2.8535772559264925e-06,0.00016970825007915264,37.70297044678435,8,1,1
53,20260764,2029071154,30,GOMP,2.8535772559264925e-06,0.00016970825007915264,37.70297044678435,8,1,1
53,20260764,2029071154,30,CoSaMP,2.8535772559265086e-06,0.0001697082500791536,37.70297044678433,8,1,1
53,20260764,2029071154,30,SP,2.853577255926502e-06,0.00016970825007915318,37.702970446784335,8,1,1
53,20260764,2029071154,30,IHT,4.8505353517076355e-06,0.000288471554353661,35.398970053724135,8,1,1
53,20260764,2029071154,30,HTP,2.853577255926499e-06,0.00016970825007915302,37.70297044678434,8,1,1
53,20260764,2029071154,30,GP,4.8505353517076355e-06,0.000288471554353661,35.398970053724135,8,1,1
53,20260764,2029071154,30,MP,1.824595511487574e-05,0.0010851253832842055,29.645200773708723,8,1,1
54,20260765,2029071155,30,OMP,1.2628080583915124e-06,8.3068324542616e-05,40.805645490055056,8,1,1
54,20260765,2029071155,30,GOMP,0.003347204589419051,0.22018126610512315,6.5721963528834735,6,0,0
54,20260765,2029071155,30,CoSaMP,1.2628080583915215e-06,8.306832454261662e-05,40.80564549005503,8,1,1
54,20260765,2029071155,30,SP,1.2628080583915215e-06,8.306832454261662e-05,40.80564549005503,8,1,1
54,20260765,2029071155,30,IHT,0.009941021189347952,0.6539267539150894,1.844708941099298,3,0,0
54,20260765,2029071155,30,HTP,0.009935397060824339,0.6535567951312786,1.8471666555806125,3,0,0
54,20260765,2029071155,30,GP,0.009941021189347952,0.6539267539150894,1.844708941099298,3,0,0
54,20260765,2029071155,30,MP,1.8732986308142204e-05,0.001232267862052786,29.092948779127493,8,1,1
55,20260766,2029071156,30,OMP,0.001362382308912925,0.08154141561278826,10.886217531795966,7,0,0
55,20260766,2029071156,30,GOMP,0.008299494255807189,0.49674199823448867,3.0386911999186923,5,0,0
55,20260766,2029071156,30,CoSaMP,1.2663672640610763e-06,7.579471541995311e-05,41.20361073312012,8,1,1
55,20260766,2029071156,30,SP,1.266367264061082e-06,7.579471541995345e-05,41.20361073312011,8,1,1
55,20260766,2029071156,30,IHT,0.0021256714639470383,0.1272258595579192,8.954246062829236,7,0,0
55,20260766,2029071156,30,HTP,0.0020575827258346034,0.12315060692387227,9.095634434835127,7,0,0
55,20260766,2029071156,30,GP,0.0021256714639470383,0.1272258595579192,8.954246062829236,7,0,0
55,20260766,2029071156,30,MP,0.006733332672624046,0.40300396909564923,3.946906765689398,6,0,0
56,20260767,2029071157,30,OMP,1.4703819377843277e-06,9.135088442528092e-05,40.39287243613471,8,1,1
56,20260767,2029071157,30,GOMP,1.470381937784321e-06,9.13508844252805e-05,40.39287243613473,8,1,1
56,20260767,2029071157,30,CoSaMP,1.4703819377843419e-06,9.13508844252818e-05,40.39287243613467,8,1,1
56,20260767,2029071157,30,SP,1.4703819377843419e-06,9.13508844252818e-05,40.39287243613467,8,1,1
56,20260767,2029071157,30,IHT,4.170184509475738e-06,0.0002590823740199479,35.865621320788534,8,1,1
56,20260767,2029071157,30,HTP,1.470381937784324e-06,9.135088442528069e-05,40.392872436134724,8,1,1
56,20260767,2029071157,30,GP,4.170184509475738e-06,0.0002590823740199479,35.865621320788534,8,1,1
56,20260767,2029071157,30,MP,4.505824371875892e-05,0.0027993477807275865,25.52943143024287,8,1,1
57,20260768,2029071158,30,OMP,5.994223352435345e-06,0.0003184256119274589,34.96992007921111,8,1,1
57,20260768,2029071158,30,GOMP,5.994223352435318e-06,0.00031842561192745755,34.96992007921112,8,1,1
57,20260768,2029071158,30,CoSaMP,5.994223352435376e-06,0.0003184256119274606,34.969920079211086,8,1,1
57,20260768,2029071158,30,SP,5.994223352435376e-06,0.0003184256119274606,34.969920079211086,8,1,1
57,20260768,2029071158,30,IHT,6.793910585100652e-06,0.0003609066610042456,34.42605102394103,8,1,1
57,20260768,2029071158,30,HTP,5.994223352435376e-06,0.0003184256119274606,34.969920079211086,8,1,1
57,20260768,2029071158,30,GP,6.793910585100652e-06,0.0003609066610042456,34.42605102394103,8,1,1
57,20260768,2029071158,30,MP,2.5318338968629672e-05,0.001344962825884238,28.71289719183102,8,1,1
58,20260769,2029071159,30,OMP,8.44618187016857e-07,8.084570178246598e-05,40.92343064709691,8,1,1
58,20260769,2029071159,30,GOMP,8.446181870168787e-07,8.084570178246805e-05,40.9234306470968,8,1,1
58,20260769,2029071159,30,CoSaMP,8.446181870168782e-07,8.084570178246801e-05,40.9234306470968,8,1,1
58,20260769,2029071159,30,SP,8.446181870168782e-07,8.084570178246801e-05,40.9234306470968,8,1,1
58,20260769,2029071159,30,IHT,5.681319021935527e-05,0.005438081140553086,22.64554316676513,8,1,1
58,20260769,2029071159,30,HTP,8.446181870168782e-07,8.084570178246801e-05,40.9234306470968,8,1,1
58,20260769,2029071159,30,GP,5.681319021935527e-05,0.005438081140553086,22.64554316676513,8,1,1
58,20260769,2029071159,30,MP,3.302149897465692e-05,0.0031607728788603964,25.002067097920005,8,1,1
59,20260770,2029071160,30,OMP,3.187985517923527e-06,0.0002572368578855829,35.896668039069,8,1,1
59,20260770,2029071160,30,GOMP,0.0011320700581153272,0.09134613159899604,10.393098397814253,7,0,0
59,20260770,2029071160,30,CoSaMP,3.187985517923484e-06,0.00025723685788557946,35.896668039069056,8,1,1
59,20260770,2029071160,30,SP,3.1879855179235138e-06,0.0002572368578855819,35.89666803906901,8,1,1
59,20260770,2029071160,30,IHT,5.495955056302137e-06,0.00044346569387316046,33.53139971182542,8,1,1
59,20260770,2029071160,30,HTP,3.187985517923484e-06,0.00025723685788557946,35.896668039069056,8,1,1
59,20260770,2029071160,30,GP,5.495955056302137e-06,0.00044346569387316046,33.53139971182542,8,1,1
59,20260770,2029071160,30,MP,2.023427382495919e-05,0.0016326928058692188,27.870955208763185,8,1,1
60,20260771,2029071161,30,OMP,1.5511661702433102e-06,0.0001276991867824017,38.93811868414267,8,1,1
60,20260771,2029071161,30,GOMP,1.5511661702433256e-06,0.00012769918678240297,38.93811868414263,8,1,1
60,20260771,2029071161,30,CoSaMP,1.551166170243304e-06,0.00012769918678240118,38.938118684142694,8,1,1
60,20260771,2029071161,30,SP,1.551166170243304e-06,0.00012769918678240118,38.938118684142694,8,1,1
60,20260771,2029071161,30,IHT,9.576762199306367e-06,0.0007884034401472546,31.032514893726677,8,1,1
60,20260771,2029071161,30,HTP,1.551166170243304e-06,0.00012769918678240118,38.938118684142694,8,1,1
60,20260771,2029071161,30,GP,9.576762199306367e-06,0.0007884034401472546,31.032514893726677,8,1,1
60,20260771,2029071161,30,MP,6.564974942912863e-05,0.005404591574642949,22.672371201345115,8,1,1
61,20260772,2029071162,30,OMP,0.0011685538615374572,0.05551903626284532,12.555580812664752,7,0,0
61,20260772,2029071162,30,GOMP,2.54057024554814e-06,0.00012070475844845922,39.182756087164584,8,1,1
61,20260772,2029071162,30,CoSaMP,2.540570245548137e-06,0.00012070475844845907,39.18275608716459,8,1,1
61,20260772,2029071162,30,SP,2.540570245548137e-06,0.00012070475844845907,39.18275608716459,8,1,1
61,20260772,2029071162,30,IHT,3.971934718020043e-05,0.0018871016125287994,27.242047142640953,8,1,1
61,20260772,2029071162,30,HTP,2.540570245548133e-06,0.00012070475844845889,39.1827560871646,8,1,1
61,20260772,2029071162,30,GP,3.971934718020043e-05,0.0018871016125287994,27.242047142640953,8,1,1
61,20260772,2029071162,30,MP,7.854034222218049e-05,0.0037315217136781914,24.28114026882074,8,1,1
62,20260773,2029071163,30,OMP,2.9382471641281087e-06,0.00014847591365582807,38.283439935844406,8,1,1
62,20260773,2029071163,30,GOMP,2.938247164128069e-06,0.00014847591365582606,38.28343993584446,8,1,1
62,20260773,2029071163,30,CoSaMP,2.9382471641280685e-06,0.00014847591365582604,38.28343993584446,8,1,1
62,20260773,2029071163,30,SP,2.9382471641280685e-06,0.00014847591365582604,38.28343993584446,8,1,1
62,20260773,2029071163,30,IHT,4.8572281058064085e-05,0.0024544612503978234,26.10043819897883,8,1,1
62,20260773,2029071163,30,HTP,2.9382471641281075e-06,0.00014847591365582801,38.283439935844406,8,1,1
62,20260773,2029071163,30,GP,4.8572281058064085e-05,0.0024544612503978234,26.10043819897883,8,1,1
62,20260773,2029071163,30,MP,2.8335188584744726e-05,0.0014318376837363748,28.441062118138394,8,1,1
63,20260774,2029071164,30,OMP,6.173204549911425e-07,5.341552495381874e-05,42.7233249911643,8,1,1
63,20260774,2029071164,30,GOMP,6.173204549911444e-07,5.34155249538189e-05,42.723324991164276,8,1,1
63,20260774,2029071164,30,CoSaMP,6.173204549911465e-07,5.341552495381909e-05,42.72332499116427,8,1,1
63,20260774,2029071164,30,SP,6.173204549911465e-07,5.341552495381909e-05,42.72332499116427,8,1,1
63,20260774,2029071164,30,IHT,2.558333078146468e-06,0.00022136753005839302,36.54886080614543,8,1,1
63,20260774,2029071164,30,HTP,6.173204549911465e-07,5.341552495381909e-05,42.72332499116427,8,1,1
63,20260774,2029071164,30,GP,2.558333078146468e-06,0.00022136753005839302,36.54886080614543,8,1,1
63,20260774,2029071164,30,MP,8.858112988845092e-06,0.0007664750966435901,31.155019511370266,8,1,1
64,20260775,2029071165,30,OMP,2.2645788735192077e-06,0.000132866506478343,38.76584483954895,8,1,1
64,20260775,2029071165,30,GOMP,2.2645788735192077e-06,0.000132866506478343,38.76584483954895,8,1,1
64,20260775,2029071165,30,CoSaMP,2.264578873519233e-06,0.0001328665064783445,38.765844839548905,8,1,1
64,20260775,2029071165,30,SP,2.264578873519233e-06,0.0001328665064783445,38.765844839548905,8,1,1
64,20260775,2029071165,30,IHT,7.514595092249036e-06,0.0004408934522800857,33.55666350844223,8,1,1
64,20260775,2029071165,30,HTP,2.264578873519233e-06,0.0001328665064783445,38.765844839548905,8,1,1
64,20260775,2029071165,30,GP,7.514595092249036e-06,0.0004408934522800857,33.55666350844223,8,1,1
64,20260775,2029071165,30,MP,1.986211248656091e-05,0.0011653422754351413,29.335464982425044,8,1,1
65,20260776,2029071166,30,OMP,3.4128791586324464e-06,0.00021282223360312764,36.71983003130962,8,1,1
65,20260776,2029071166,30,GOMP,3.4128791586324236e-06,0.00021282223360312623,36.719830031309655,8,1,1
65,20260776,2029071166,30,CoSaMP,3.41287915863245e-06,0.00021282223360312785,36.71983003130962,8,1,1
65,20260776,2029071166,30,SP,3.41287915863245e-06,0.00021282223360312785,36.71983003130962,8,1,1
65,20260776,2029071166,30,IHT,9.645379883659031e-06,0.0006014720109848646,32.207845773975286,8,1,1
65,20260776,2029071166,30,HTP,3.412879158632475e-06,0.00021282223360312942,36.719830031309584,8,1,1
65,20260776,2029071166,30,GP,9.645379883659031e-06,0.0006014720109848646,32.207845773975286,8,1,1
65,20260776,2029071166,30,MP,2.7252956282725863e-05,0.001699455140012108,27.696902948657605,8,1,1
66,20260777,2029071167,30,OMP,6.751459233588473e-07,5.902738992477543e-05,42.28946420003073,8,1,1
66,20260777,2029071167,30,GOMP,6.75145923358855e-07,5.902738992477609e-05,42.28946420003068,8,1,1
66,20260777,2029071167,30,CoSaMP,6.751459233588399e-07,5.9027389924774776e-05,42.28946420003077,8,1,1
66,20260777,2029071167,30,SP,6.751459233588399e-07,5.9027389924774776e-05,42.28946420003077,8,1,1
66,20260777,2029071167,30,IHT,0.00047630846660605555,0.041643213133768654,13.804557682962615,8,1,0
66,20260777,2029071167,30,HTP,6.751459233588399e-07,5.9027389924774776e-05,42.28946420003077,8,1,1
66,20260777,2029071167,30,GP,0.00047630846660605555,0.041643213133768654,13.804557682962615,8,1,0
66,20260777,2029071167,30,MP,9.219512143931387e-06,0.0008060535054831251,30.936361289581598,8,1,1
67,20260778,2029071168,30,OMP,2.708597946438537e-06,0.00015379498196325592,38.13057834503514,8,1,1
67,20260778,2029071168,30,GOMP,2.7085979464385214e-06,0.00015379498196325502,38.13057834503517,8,1,1
67,20260778,2029071168,30,CoSaMP,2.7085979464385773e-06,0.0001537949819632582,38.130578345035076,8,1,1
67,20260778,2029071168,30,SP,2.7085979464385773e-06,0.0001537949819632582,38.130578345035076,8,1,1
67,20260778,2029071168,30,IHT,1.140861923536672e-05,0.0006477847300430617,31.8856929364631,8,1,1
67,20260778,2029071168,30,HTP,2.70859794643855e-06,0.00015379498196325665,38.13057834503512,8,1,1
67,20260778,2029071168,30,GP,1.140861923536672e-05,0.0006477847300430617,31.8856929364631,8,1,1
67,20260778,2029071168,30,MP,2.6130109735948812e-05,0.0014836752574601186,28.286611457729816,8,1,1
68,20260779,2029071169,30,OMP,1.1442708406101933e-06,7.063387810887945e-05,41.50986948427445,8,1,1
68,20260779,2029071169,30,GOMP,1.144270840610174e-06,7.063387810887825e-05,41.509869484274525,8,1,1
68,20260779,2029071169,30,CoSaMP,1.1442708406101844e-06,7.06338781088789e-05,41.50986948427448,8,1,1
68,20260779,2029071169,30,SP,1.1442708406101844e-06,7.06338781088789e-05,41.50986948427448,8,1,1
68,20260779,2029071169,30,IHT,7.3964213438147915e-06,0.00045656841466163144,33.404941362374466,8,1,1
68,20260779,2029071169,30,HTP,1.1442708406101863e-06,7.063387810887901e-05,41.509869484274475,8,1,1
68,20260779,2029071169,30,GP,7.3964213438147915e-06,0.00045656841466163144,33.404941362374466,8,1,1
68,20260779,2029071169,30,MP,2.546399353083442e-05,0.0015718486842355623,28.035892641264528,8,1,1
69,20260780,2029071170,30,OMP,1.628576729569747e-06,0.00010792674295886065,39.66870928992722,8,1,1
69,20260780,2029071170,30,GOMP,1.628576729569747e-06,0.00010792674295886065,39.66870928992722,8,1,1
69,20260780,2029071170,30,CoSaMP,1.6285767295697744e-06,0.00010792674295886248,39.66870928992715,8,1,1
69,20260780,2029071170,30,SP,1.6285767295697744e-06,0.00010792674295886248,39.66870928992715,8,1,1
69,20260780,2029071170,30,IHT,1.2938971900354235e-06,8.574733195471748e-05,40.66779384234117,8,1,1
69,20260780,2029071170,30,HTP,1.6285767295697744e-06,0.00010792674295886248,39.66870928992715,8,1,1
69,20260780,2029071170,30,GP,1.2938971900354235e-06,8.574733195471748e-05,40.66779384234117,8,1,1
69,20260780,2029071170,30,MP,2.020773803112991e-05,0.001339178749558786,28.731614507953942,8,1,1
70,20260781,2029071171,30,OMP,1.3999706279781985e-06,0.00013609481113870128,38.66158432745145,8,1,1
70,20260781,2029071171,30,GOMP,1.3999706279781985e-06,0.00013609481113870128,38.66158432745145,8,1,1
70,20260781,2029071171,30,CoSaMP,1.3999706279781952e-06,0.00013609481113870095,38.661584327451465,8,1,1
70,20260781,2029071171,30,SP,1.3999706279781952e-06,0.00013609481113870095,38.661584327451465,8,1,1
70,20260781,2029071171,30,IHT,1.5880101162090549e-06,0.00015437462224756333,38.11424092107187,8,1,1
70,20260781,2029071171,30,HTP,1.3999706279781992e-06,0.00013609481113870133,38.66158432745145,8,1,1
70,20260781,2029071171,30,GP,1.5880101162090549e-06,0.00015437462224756333,38.11424092107187,8,1,1
70,20260781,2029071171,30,MP,1.033605397288705e-05,0.0010047948758689187,29.97922588363575,8,1,1
71,20260782,2029071172,30,OMP,1.8469812238572556e-06,0.00011348400355240323,39.450653513213155,8,1,1
71,20260782,2029071172,30,GOMP,0.002442507801787277,0.15007492251378854,8.2369187220559,6,0,0
71,20260782,2029071172,30,CoSaMP,1.8469812238572226e-06,0.0001134840035524012,39.45065351321324,8,1,1
71,20260782,2029071172,30,SP,1.8469812238572226e-06,0.0001134840035524012,39.45065351321324,8,1,1
71,20260782,2029071172,30,IHT,2.3292641758155542e-05,0.001431168983140497,28.443090845402473,8,1,1
71,20260782,2029071172,30,HTP,1.8469812238572226e-06,0.0001134840035524012,39.45065351321324,8,1,1
71,20260782,2029071172,30,GP,2.3292641758155542e-05,0.001431168983140497,28.443090845402473,8,1,1
71,20260782,2029071172,30,MP,1.9188447871856687e-05,0.0011789951399219982,29.284879851588617,8,1,1
72,20260783,2029071173,30,OMP,9.508191516567837e-07,6.307221234977276e-05,42.0016193522759,8,1,1
72,20260783,2029071173,30,GOMP,0.0006232149174214061,0.04134071504834162,13.836220158832973,7,0,0
72,20260783,2029071173,30,CoSaMP,9.508191516567428e-07,6.307221234977005e-05,42.00161935227609,8,1,1
72,20260783,2029071173,30,SP,9.508191516567428e-07,6.307221234977005e-05,42.00161935227609,8,1,1
72,20260783,2029071173,30,IHT,0.0011546525919272168,0.07659342298832558,11.158085212617914,7,0,0
72,20260783,2029071173,30,HTP,9.508191516567428e-07,6.307221234977005e-05,42.00161935227609,8,1,1
72,20260783,2029071173,30,GP,0.0011546525919272168,0.07659342298832558,11.158085212617914,7,0,0
72,20260783,2029071173,30,MP,3.4248957641529337e-05,0.002271891058736962,26.436124976633657,8,1,1
73,20260784,2029071174,30,OMP,9.259315554079192e-07,5.285835351189479e-05,42.76886368859156,8,1,1
73,20260784,2029071174,30,GOMP,9.259315554079281e-07,5.2858353511895295e-05,42.768863688591516,8,1,1
73,20260784,2029071174,30,CoSaMP,9.259315554079052e-07,5.2858353511893994e-05,42.76886368859162,8,1,1
73,20260784,2029071174,30,SP,9.259315554079052e-07,5.2858353511893994e-05,42.76886368859162,8,1,1
73,20260784,2029071174,30,IHT,6.757890638410528e-06,0.00038578550463425857,34.136540944101775,8,1,1
73,20260784,2029071174,30,HTP,9.25931555407912e-07,5.285835351189438e-05,42.768863688591594,8,1,1
73,20260784,2029071174,30,GP,6.757890638410528e-06,0.00038578550463425857,34.136540944101775,8,1,1
73,20260784,2029071174,30,MP,1.9598279699388394e-05,0.001118800618171915,29.51247302339322,8,1,1
74,20260785,2029071175,30,OMP,1.7520826149356942e-06,0.00013392276161461244,38.73145603693547,8,1,1
74,20260785,2029071175,30,GOMP,1.7520826149356927e-06,0.00013392276161461233,38.73145603693548,8,1,1
74,20260785,2029071175,30,CoSaMP,1.752082614935682e-06,0.00013392276161461152,38.731456036935505,8,1,1
74,20260785,2029071175,30,SP,1.752082614935682e-06,0.00013392276161461152,38.731456036935505,8,1,1
74,20260785,2029071175,30,IHT,1.041922012706963e-05,0.0007964069281852508,30.988649705688665,8,1,1
74,20260785,2029071175,30,HTP,1.7520826149356927e-06,0.00013392276161461233,38.73145603693548,8,1,1
74,20260785,2029071175,30,GP,1.041922012706963e-05,0.0007964069281852508,30.988649705688665,8,1,1
74,20260785,2029071175,30,MP,1.1902485765076285e-05,0.0009097823071522992,30.410625132972715,8,1,1
75,20260786,2029071176,30,OMP,1.55704284804208e-06,0.00010552608400282333,39.76640177917676,8,1,1
75,20260786,2029071176,30,GOMP,0.0006606405592497691,0.04477385528518174,13.489755087661223,7,0,0
75,20260786,2029071176,30,CoSaMP,1.557042848042077e-06,0.00010552608400282312,39.766401779176775,8,1,1
75,20260786,2029071176,30,SP,1.557042848042077e-06,0.00010552608400282312,39.766401779176775,8,1,1
75,20260786,2029071176,30,IHT,1.014468759246329e-06,6.875399456160303e-05,41.62702064542572,8,1,1
75,20260786,2029071176,30,HTP,1.557042848042077e-06,0.00010552608400282312,39.766401779176775,8,1,1
75,20260786,2029071176,30,GP,1.014468759246329e-06,6.875399456160303e-05,41.62702064542572,8,1,1
75,20260786,2029071176,30,MP,2.193279572906377e-05,0.001486460085175124,28.278467480943796,8,1,1
76,20260787,2029071177,30,OMP,2.9874065973238208e-06,0.00017696383104937526,37.521154883320314,8,1,1
76,20260787,2029071177,30,GOMP,0.0010671842546438645,0.06321637446557447,11.991704150884232,7,0,0
76,20260787,2029071177,30,CoSaMP,2.9874065973237975e-06,0.00017696383104937388,37.52115488332035,8,1,1
76,20260787,2029071177,30,SP,2.9874065973237975e-06,0.00017696383104937388,37.52115488332035,8,1,1
76,20260787,2029071177,30,IHT,0.002736104275775782,0.16207753414804912,7.902771793014269,7,0,0
76,20260787,2029071177,30,HTP,2.9874065973237975e-06,0.00017696383104937388,37.52115488332035,8,1,1
76,20260787,2029071177,30,GP,0.002736104275775782,0.16207753414804912,7.902771793014269,7,0,0
76,20260787,2029071177,30,MP,2.54786085564859e-05,0.0015092663261847936,28.212341175559096,8,1,1
77,20260788,2029071178,30,OMP,0.004972059002219117,0.3197764682942216,4.951534982695318,6,0,0
77,20260788,2029071178,30,GOMP,0.009244639560918406,0.5945661924213127,2.257997888113554,5,0,0
77,20260788,2029071178,30,CoSaMP,1.5602331876291736e-06,0.0001003459247432127,39.98500260420875,8,1,1
77,20260788,2029071178,30,SP,1.5602331876291732e-06,0.00010034592474321267,39.98500260420875,8,1,1
77,20260788,2029071178,30,IHT,1.4712014288192914e-06,9.461987415018065e-05,40.24017633923455,8,1,1
77,20260788,2029071178,30,HTP,1.5602331876291489e-06,0.0001003459247432111,39.985002604208816,8,1,1
77,20260788,2029071178,30,GP,1.4712014288192914e-06,9.461987415018065e-05,40.24017633923455,8,1,1
77,20260788,2029071178,30,MP,0.0060324083644812355,0.3879725162636595,4.11199038472276,6,0,0
78,20260789,2029071179,30,OMP,2.0408612992596797e-06,0.00016940671880291076,37.7106936920505,8,1,1
78,20260789,2029071179,30,GOMP,2.04086129925968e-06,0.00016940671880291079,37.71069369205049,8,1,1
78,20260789,2029071179,30,CoSaMP,2.040861299259706e-06,0.00016940671880291293,37.710693692050434,8,1,1
78,20260789,2029071179,30,SP,2.040861299259706e-06,0.00016940671880291293,37.710693692050434,8,1,1
78,20260789,2029071179,30,IHT,3.791174767730944e-06,0.00031469579928957553,35.021090542190755,8,1,1
78,20260789,2029071179,30,HTP,2.040861299259706e-06,0.00016940671880291293,37.710693692050434,8,1,1
78,20260789,2029071179,30,GP,3.791174767730944e-06,0.00031469579928957553,35.021090542190755,8,1,1
78,20260789,2029071179,30,MP,2.9273959992835597e-05,0.002429957151205183,26.144013844919,8,1,1
79,20260790,2029071180,30,OMP,5.35583585122541e-07,4.969206057475587e-05,43.03712994043529,8,1,1
79,20260790,2029071180,30,GOMP,5.355835851225432e-07,4.969206057475607e-05,43.03712994043528,8,1,1
79,20260790,2029071180,30,CoSaMP,5.355835851225402e-07,4.9692060574755794e-05,43.0371299404353,8,1,1
79,20260790,2029071180,30,SP,5.355835851225402e-07,4.9692060574755794e-05,43.0371299404353,8,1,1
79,20260790,2029071180,30,IHT,1.2836601774998472e-06,0.00011909946658116812,39.2409018361692,8,1,1
79,20260790,2029071180,30,HTP,5.355835851225341e-07,4.9692060574755225e-05,43.037129940435356,8,1,1
79,20260790,2029071180,30,GP,1.2836601774998472e-06,0.00011909946658116812,39.2409018361692,8,1,1
79,20260790,2029071180,30,MP,1.0356761856672887e-05,0.0009609122681053772,30.173162618808963,8,1,1
80,20260791,2029071181,30,OMP,1.49405171043476e-06,9.316097396168932e-05,40.30765979734006,8,1,1
80,20260791,2029071181,30,GOMP,1.4940517104347792e-06,9.316097396169052e-05,40.30765979734,8,1,1
80,20260791,2029071181,30,CoSaMP,1.494051710434774e-06,9.31609739616902e-05,40.30765979734002,8,1,1
80,20260791,2029071181,30,SP,1.494051710434774e-06,9.31609739616902e-05,40.30765979734002,8,1,1
80,20260791,2029071181,30,IHT,0.0031166563152717937,0.19433781026901664,7.11442695058071,6,0,0
80,20260791,2029071181,30,HTP,0.003101700857835318,0.19340526893119425,7.135316986264746,6,0,0
80,20260791,2029071181,30,GP,0.0031166563152717937,0.19433781026901664,7.11442695058071,6,0,0
80,20260791,2029071181,30,MP,3.863429202703083e-05,0.002409025235486108,26.18158650572449,8,1,1
81,20260792,2029071182,30,OMP,1.7316110582678906e-06,0.00011480884964052967,39.40024634569409,8,1,1
81,20260792,2029071182,30,GOMP,0.0007615633830396693,0.05049298773974906,12.967689307405122,7,0,0
81,20260792,2029071182,30,CoSaMP,1.7316110582678813e-06,0.00011480884964052905,39.400246345694114,8,1,1
81,20260792,2029071182,30,SP,1.7316110582678813e-06,0.00011480884964052905,39.400246345694114,8,1,1
81,20260792,2029071182,30,IHT,1.4599468956716416e-05,0.0009679703928201211,30.141379261952125,8,1,1
81,20260792,2029071182,30,HTP,1.7316110582678786e-06,0.00011480884964052887,39.40024634569412,8,1,1
81,20260792,2029071182,30,GP,1.4599468956716416e-05,0.0009679703928201211,30.141379261952125,8,1,1
81,20260792,2029071182,30,MP,2.8240296808704775e-05,0.0018723811993656852,27.27605728286281,8,1,1
82,20260793,2029071183,30,OMP,1.6956971933846627e-06,9.661277146637924e-05,40.149654593945414,8,1,1
82,20260793,2029071183,30,GOMP,1.6956971933846531e-06,9.66127714663787e-05,40.14965459394543,8,1,1
82,20260793,2029071183,30,CoSaMP,1.6956971933846605e-06,9.661277146637912e-05,40.149654593945414,8,1,1
82,20260793,2029071183,30,SP,1.6956971933846605e-06,9.661277146637912e-05,40.149654593945414,8,1,1
82,20260793,2029071183,30,IHT,9.343716805435082e-06,0.0005323606006377859,32.73794093615777,8,1,1
82,20260793,2029071183,30,HTP,1.6956971933846616e-06,9.661277146637919e-05,40.149654593945414,8,1,1
82,20260793,2029071183,30,GP,9.343716805435082e-06,0.0005323606006377859,32.73794093615777,8,1,1
82,20260793,2029071183,30,MP,1.464871106709057e-05,0.0008346139747845869,30.785143477323615,8,1,1
83,20260794,2029071184,30,OMP,2.096531254651009e-06,0.00013142668847671772,38.813164347667495,8,1,1
83,20260794,2029071184,30,GOMP,2.096531254651027e-06,0.00013142668847671883,38.81316434766746,8,1,1
83,20260794,2029071184,30,CoSaMP,2.0965312546509675e-06,0.00013142668847671512,38.81316434766758,8,1,1
83,20260794,2029071184,30,SP,2.0965312546509675e-06,0.00013142668847671512,38.81316434766758,8,1,1
83,20260794,2029071184,30,IHT,6.794435327582771e-06,0.0004259274137661597,33.70664406734834,8,1,1
83,20260794,2029071184,30,HTP,2.096531254650962e-06,0.00013142668847671476,38.81316434766759,8,1,1
83,20260794,2029071184,30,GP,6.794435327582771e-06,0.0004259274137661597,33.70664406734834,8,1,1
83,20260794,2029071184,30,MP,3.642321916651099e-05,0.0022832872479705054,26.414394488421667,8,1,1
84,20260795,2029071185,30,OMP,0.0026232435697605494,0.1786711287343683,7.47945618979227,7,0,0
84,20260795,2029071185,30,GOMP,1.5622512704298327e-06,0.0001064061305904118,39.73033349438661,8,1,1
84,20260795,2029071185,30,CoSaMP,1.562251270429823e-06,0.00010640613059041114,39.73033349438664,8,1,1
84,20260795,2029071185,30,SP,1.562251270429823e-06,0.00010640613059041114,39.73033349438664,8,1,1
84,20260795,2029071185,30,IHT,0.009291224139611027,0.6328323924948548,1.9871129891347512,4,0,0
84,20260795,2029071185,30,HTP,0.009299277918527483,0.633380941545415,1.9833500870358578,4,0,0
84,20260795,2029071185,30,GP,0.009291224139611027,0.6328323924948548,1.9871129891347512,4,0,0
84,20260795,2029071185,30,MP,0.001442182367036908,0.0982281456169959,10.07764054628865,8,1,0
85,20260796,2029071186,30,OMP,3.620025678223672e-06,0.0002558202848794388,35.92065021773218,8,1,1
85,20260796,2029071186,30,GOMP,3.620025678223672e-06,0.0002558202848794388,35.92065021773218,8,1,1
85,20260796,2029071186,30,CoSaMP,3.6200256782236767e-06,0.00025582028487943913,35.920650217732174,8,1,1
85,20260796,2029071186,30,SP,3.620025678223659e-06,0.0002558202848794379,35.920650217732195,8,1,1
85,20260796,2029071186,30,IHT,6.792366369036301e-06,0.00048000352870011397,33.18755569938257,8,1,1
85,20260796,2029071186,30,HTP,3.6200256782236767e-06,0.00025582028487943913,35.920650217732174,8,1,1
85,20260796,2029071186,30,GP,6.792366369036301e-06,0.00048000352870011397,33.18755569938257,8,1,1
85,20260796,2029071186,30,MP,1.5247125114035819e-05,0.0010774851442984946,29.67588708910771,8,1,1
86,20260797,2029071187,30,OMP,6.834888329969132e-06,0.0003472042458888546,34.59414972565749,8,1,1
86,20260797,2029071187,30,GOMP,6.834888329969185e-06,0.00034720424588885734,34.59414972565745,8,1,1
86,20260797,2029071187,30,CoSaMP,6.8348883299691276e-06,0.0003472042458888544,34.59414972565749,8,1,1
86,20260797,2029071187,30,SP,6.834888329969152e-06,0.00034720424588885565,34.59414972565747,8,1,1
86,20260797,2029071187,30,IHT,1.5138419265256607e-05,0.0007690137996689797,31.14065866874359,8,1,1
86,20260797,2029071187,30,HTP,6.8348883299692444e-06,0.00034720424588886037,34.59414972565742,8,1,1
86,20260797,2029071187,30,GP,1.5138419265256607e-05,0.0007690137996689797,31.14065866874359,8,1,1
86,20260797,2029071187,30,MP,5.417603582937356e-05,0.0027520785647525228,25.603391722710228,8,1,1
87,20260798,2029071188,30,OMP,5.016321771773354e-06,0.0003415504166073413,34.665451805966065,8,1,1
87,20260798,2029071188,30,GOMP,5.016321771773358e-06,0.00034155041660734165,34.66545180596606,8,1,1
87,20260798,2029071188,30,CoSaMP,5.016321771773376e-06,0.00034155041660734284,34.66545180596605,8,1,1
87,20260798,2029071188,30,SP,5.016321771773376e-06,0.00034155041660734284,34.66545180596605,8,1,1
87,20260798,2029071188,30,IHT,0.002463839579163029,0.16775746712501974,7.753181396596146,6,0,0
87,20260798,2029071188,30,HTP,0.0024516116702995587,0.16692489546064693,7.774788870781755,6,0,0
87,20260798,2029071188,30,GP,0.002463839579163029,0.16775746712501974,7.753181396596146,6,0,0
87,20260798,2029071188,30,MP,2.8481609277744712e-05,0.0019392507014202654,27.12366042800938,8,1,1
88,20260799,2029071189,30,OMP,1.923230864499057e-06,0.00014368171603097133,38.42598493745179,8,1,1
88,20260799,2029071189,30,GOMP,1.9232308644990763e-06,0.00014368171603097276,38.425984937451744,8,1,1
88,20260799,2029071189,30,CoSaMP,1.9232308644990843e-06,0.00014368171603097336,38.42598493745172,8,1,1
88,20260799,2029071189,30,SP,1.9232308644990843e-06,0.00014368171603097336,38.42598493745172,8,1,1
88,20260799,2029071189,30,IHT,5.95703921854334e-06,0.0004450415356697408,33.51599454478914,8,1,1
88,20260799,2029071189,30,HTP,1.9232308644990843e-06,0.00014368171603097336,38.42598493745172,8,1,1
88,20260799,2029071189,30,GP,5.95703921854334e-06,0.0004450415356697408,33.51599454478914,8,1,1
88,20260799,2029071189,30,MP,2.3550989537585413e-05,0.0017594593834001893,27.546207542728204,8,1,1
89,20260800,2029071190,30,OMP,2.805797402269043e-06,0.0001746153156172165,37.57917666722474,8,1,1
89,20260800,2029071190,30,GOMP,2.8057974022690397e-06,0.0001746153156172163,37.57917666722474,8,1,1
89,20260800,2029071190,30,CoSaMP,2.8057974022690532e-06,0.00017461531561721713,37.57917666722472,8,1,1
89,20260800,2029071190,30,SP,2.8057974022690532e-06,0.00017461531561721713,37.57917666722472,8,1,1
89,20260800,2029071190,30,IHT,2.214746815671279e-06,0.00013783201663738044,38.60649889584553,8,1,1
89,20260800,2029071190,30,HTP,2.8057974022690537e-06,0.00017461531561721716,37.57917666722472,8,1,1
89,20260800,2029071190,30,GP,2.214746815671279e-06,0.00013783201663738044,38.60649889584553,8,1,1
89,20260800,2029071190,30,MP,2.6034944452523463e-05,0.0016202524241335679,27.904173201065383,8,1,1
90,20260801,2029071191,30,OMP,1.0219200501282886e-06,8.456158813225694e-05,40.72826869236593,8,1,1
90,20260801,2029071191,30,GOMP,1.0219200501282878e-06,8.456158813225688e-05,40.72826869236594,8,1,1
90,20260801,2029071191,30,CoSaMP,1.0219200501282946e-06,8.456158813225745e-05,40.7282686923659,8,1,1
90,20260801,2029071191,30,SP,1.0219200501282946e-06,8.456158813225745e-05,40.7282686923659,8,1,1
90,20260801,2029071191,30,IHT,4.552302121717497e-06,0.0003766927726116628,34.24012712276118,8,1,1
90,20260801,2029071191,30,HTP,1.0219200501282812e-06,8.456158813225634e-05,40.728268692365965,8,1,1
90,20260801,2029071191,30,GP,4.552302121717497e-06,0.0003766927726116628,34.24012712276118,8,1,1
90,20260801,2029071191,30,MP,1.1912833240919004e-05,0.000985760185329949,30.062287269001963,8,1,1
91,20260802,2029071192,30,OMP,1.9107011353384923e-06,0.00013759971170684105,38.61382476015182,8,1,1
91,20260802,2029071192,30,GOMP,1.9107011353384805e-06,0.00013759971170684019,38.61382476015185,8,1,1
91,20260802,2029071192,30,CoSaMP,1.910701135338506e-06,0.00013759971170684203,38.61382476015179,8,1,1
91,20260802,2029071192,30,SP,1.910701135338506e-06,0.00013759971170684203,38.61382476015179,8,1,1
91,20260802,2029071192,30,IHT,2.047913735788535e-06,0.0001474811180216633,38.31263578763246,8,1,1
91,20260802,2029071192,30,HTP,1.910701135338508e-06,0.00013759971170684216,38.613824760151786,8,1,1
91,20260802,2029071192,30,GP,2.047913735788535e-06,0.0001474811180216633,38.31263578763246,8,1,1
91,20260802,2029071192,30,MP,1.949838627991311e-05,0.0014041820990436393,28.52576567789111,8,1,1
92,20260803,2029071193,30,OMP,2.1058270280420544e-06,0.00016445245917350005,37.83959627821365,8,1,1
92,20260803,2029071193,30,GOMP,2.1058270280420544e-06,0.00016445245917350005,37.83959627821365,8,1,1
92,20260803,2029071193,30,CoSaMP,2.1058270280420328e-06,0.00016445245917349837,37.83959627821369,8,1,1
92,20260803,2029071193,30,SP,2.1058270280420328e-06,0.00016445245917349837,37.83959627821369,8,1,1
92,20260803,2029071193,30,IHT,2.0492059883157344e-06,0.00016003069560984622,37.957967069979205,8,1,1
92,20260803,2029071193,30,HTP,2.105827028042035e-06,0.00016445245917349853,37.83959627821368,8,1,1
92,20260803,2029071193,30,GP,2.0492059883157344e-06,0.00016003069560984622,37.957967069979205,8,1,1
92,20260803,2029071193,30,MP,1.3838744986681266e-05,0.0010807229723187076,29.662856168811665,8,1,1
93,20260804,2029071194,30,OMP,8.247746600251579e-07,4.499850756175899e-05,43.468018899677915,8,1,1
93,20260804,2029071194,30,GOMP,8.247746600251579e-07,4.499850756175899e-05,43.468018899677915,8,1,1
93,20260804,2029071194,30,CoSaMP,8.247746600251486e-07,4.4998507561758483e-05,43.46801889967796,8,1,1
93,20260804,2029071194,30,SP,8.247746600251486e-07,4.4998507561758483e-05,43.46801889967796,8,1,1
93,20260804,2029071194,30,IHT,1.1026714871763405e-06,6.0160154838325274e-05,42.20691054641419,8,1,1
93,20260804,2029071194,30,HTP,8.247746600251486e-07,4.4998507561758483e-05,43.46801889967796,8,1,1
93,20260804,2029071194,30,GP,1.1026714871763405e-06,6.0160154838325274e-05,42.20691054641419,8,1,1
93,20260804,2029071194,30,MP,1.9741743066195796e-05,0.0010770808291072104,29.677517040204616,8,1,1
94,20260805,2029071195,30,OMP,4.169287710949114e-06,0.0001997329674104104,36.995502456813824,8,1,1
94,20260805,2029071195,30,GOMP,4.169287710949141e-06,0.0001997329674104117,36.995502456813796,8,1,1
94,20260805,2029071195,30,CoSaMP,4.169287710949095e-06,0.0001997329674104095,36.99550245681384,8,1,1
94,20260805,2029071195,30,SP,4.169287710949089e-06,0.00019973296741040923,36.99550245681385,8,1,1
94,20260805,2029071195,30,IHT,4.1145251749316975e-06,0.00019710952557094375,37.05292387374866,8,1,1
94,20260805,2029071195,30,HTP,4.169287710949057e-06,0.0001997329674104077,36.99550245681388,8,1,1
94,20260805,2029071195,30,GP,4.1145251749316975e-06,0.00019710952557094375,37.05292387374866,8,1,1
94,20260805,2029071195,30,MP,2.265016734885777e-05,0.001085073866466244,29.645406961871146,8,1,1
95,20260806,2029071196,30,OMP,1.4466529244842383e-06,9.199303278092103e-05,40.36245063299877,8,1,1
95,20260806,2029071196,30,GOMP,1.446652924484254e-06,9.199303278092202e-05,40.36245063299873,8,1,1
95,20260806,2029071196,30,CoSaMP,1.446652924484225e-06,9.199303278092017e-05,40.362450632998815,8,1,1
95,20260806,2029071196,30,SP,1.446652924484225e-06,9.199303278092017e-05,40.362450632998815,8,1,1
95,20260806,2029071196,30,IHT,2.4220170926667e-06,0.00015401669193118638,38.12432208898817,8,1,1
95,20260806,2029071196,30,HTP,1.446652924484225e-06,9.199303278092017e-05,40.362450632998815,8,1,1
95,20260806,2029071196,30,GP,2.4220170926667e-06,0.00015401669193118638,38.12432208898817,8,1,1
95,20260806,2029071196,30,MP,5.6884721876263145e-05,0.003617314143378463,24.416137735686263,8,1,1
96,20260807,2029071197,30,OMP,1.4643481912359473e-06,0.00012914366261440057,38.88926900827289,8,1,1
96,20260807,2029071197,30,GOMP,1.4643481912359492e-06,0.00012914366261440073,38.88926900827289,8,1,1
96,20260807,2029071197,30,CoSaMP,1.4643481912359456e-06,0.00012914366261440043,38.8892690082729,8,1,1
96,20260807,2029071197,30,SP,1.4643481912359456e-06,0.00012914366261440043,38.8892690082729,8,1,1
96,20260807,2029071197,30,IHT,1.4528243047941872e-05,0.001281273490685183,28.92358159234176,8,1,1
96,20260807,2029071197,30,HTP,1.4643481912359456e-06,0.00012914366261440043,38.8892690082729,8,1,1
96,20260807,2029071197,30,GP,1.4528243047941872e-05,0.001281273490685183,28.92358159234176,8,1,1
96,20260807,2029071197,30,MP,2.9524193745311912e-05,0.0026037950118875785,25.843932093167172,8,1,1
97,20260808,2029071198,30,OMP,1.656444037637912e-06,0.0001215922241859868,39.150941972762375,8,1,1
97,20260808,2029071198,30,GOMP,1.6564440376379303e-06,0.00012159222418598814,39.15094197276233,8,1,1
97,20260808,2029071198,30,CoSaMP,1.6564440376379326e-06,0.0001215922241859883,39.15094197276232,8,1,1
97,20260808,2029071198,30,SP,1.6564440376379326e-06,0.0001215922241859883,39.15094197276232,8,1,1
97,20260808,2029071198,30,IHT,1.1211018007026866e-06,8.22951203837486e-05,40.846259151308445,8,1,1
97,20260808,2029071198,30,HTP,1.656444037637924e-06,0.00012159222418598767,39.15094197276234,8,1,1
97,20260808,2029071198,30,GP,1.1211018007026866e-06,8.22951203837486e-05,40.846259151308445,8,1,1
97,20260808,2029071198,30,MP,1.5135593381609651e-05,0.0011110369090820513,29.542715133863943,8,1,1
98,20260809,2029071199,30,OMP,5.314945932181575e-06,0.00033564218091906476,34.741234656346016,8,1,1
98,20260809,2029071199,30,GOMP,5.314945932181587e-06,0.00033564218091906546,34.74123465634601,8,1,1
98,20260809,2029071199,30,CoSaMP,5.314945932181587e-06,0.00033564218091906546,34.74123465634601,8,1,1
98,20260809,2029071199,30,SP,5.314945932181587e-06,0.00033564218091906546,34.74123465634601,8,1,1
98,20260809,2029071199,30,IHT,8.148530544413375e-06,0.0005145848326795516,32.88543018709916,8,1,1
98,20260809,2029071199,30,HTP,5.314945932181587e-06,0.00033564218091906546,34.74123465634601,8,1,1
98,20260809,2029071199,30,GP,8.148530544413375e-06,0.0005145848326795516,32.88543018709916,8,1,1
98,20260809,2029071199,30,MP,3.4453068464351406e-05,0.002175732958770144,26.62394409364213,8,1,1
99,20260810,2029071200,30,OMP,6.856795311059466e-07,5.8386981062407995e-05,42.3368397965251,8,1,1
99,20260810,2029071200,30,GOMP,6.856795311059318e-07,5.8386981062406735e-05,42.33683979652518,8,1,1
99,20260810,2029071200,30,CoSaMP,6.856795311059419e-07,5.83869810624076e-05,42.33683979652512,8,1,1
99,20260810,2029071200,30,SP,6.856795311059419e-07,5.83869810624076e-05,42.33683979652512,8,1,1
99,20260810,2029071200,30,IHT,5.473200975759016e-07,4.660539905675233e-05,43.315637690453464,8,1,1
99,20260810,2029071200,30,HTP,6.856795311059439e-07,5.838698106240777e-05,42.33683979652511,8,1,1
99,20260810,2029071200,30,GP,5.473200975759016e-07,4.660539905675233e-05,43.315637690453464,8,1,1
99,20260810,2029071200,30,MP,9.449347099063739e-06,0.0008046307715140275,30.944033627128054,8,1,1
0,20260711,2030071101,40,OMP,1.809781663574545e-07,1.1826749281894375e-05,49.27134609804715,8,1,1
0,20260711,2030071101,40,GOMP,1.8097816635745533e-07,1.1826749281894429e-05,49.27134609804712,8,1,1
0,20260711,2030071101,40,CoSaMP,1.8097816635745247e-07,1.182674928189424e-05,49.27134609804719,8,1,1
0,20260711,2030071101,40,SP,1.8097816635745247e-07,1.182674928189424e-05,49.27134609804719,8,1,1
0,20260711,2030071101,40,IHT,5.580464543147197e-06,0.00036467799600724954,34.380904404178544,8,1,1
0,20260711,2030071101,40,HTP,1.8097816635745218e-07,1.1826749281894222e-05,49.271346098047204,8,1,1
0,20260711,2030071101,40,GP,5.580464543147197e-06,0.00036467799600724954,34.380904404178544,8,1,1
0,20260711,2030071101,40,MP,3.1772407918109698e-06,0.00020762963295106965,36.82710663787334,8,1,1
1,20260712,2030071102,40,OMP,2.8522296468326883e-07,2.06571221562752e-05,46.84930182269713,8,1,1
1,20260712,2030071102,40,GOMP,2.852229646832738e-07,2.065712215627556e-05,46.84930182269704,8,1,1
1,20260712,2030071102,40,CoSaMP,2.8522296468325766e-07,2.065712215627439e-05,46.8493018226973,8,1,1
1,20260712,2030071102,40,SP,2.8522296468325766e-07,2.065712215627439e-05,46.8493018226973,8,1,1
1,20260712,2030071102,40,IHT,0.0019177202554521394,0.13888987383056225,8.573294166081059,7,0,0
1,20260712,2030071102,40,HTP,2.8522296468325766e-07,2.065712215627439e-05,46.8493018226973,8,1,1
1,20260712,2030071102,40,GP,0.0019177202554521394,0.13888987383056225,8.573294166081059,7,0,0
1,20260712,2030071102,40,MP,1.954372093180123e-06,0.00014154436376632073,38.49107419367898,8,1,1
2,20260713,2030071103,40,OMP,1.9224059617562706e-07,1.4537867627136643e-05,48.37499289878757,8,1,1
2,20260713,2030071103,40,GOMP,1.92240596175635e-07,1.4537867627137244e-05,48.37499289878738,8,1,1
2,20260713,2030071103,40,CoSaMP,1.9224059617564678e-07,1.4537867627138136e-05,48.37499289878711,8,1,1
2,20260713,2030071103,40,SP,1.9224059617564678e-07,1.4537867627138136e-05,48.37499289878711,8,1,1
2,20260713,2030071103,40,IHT,1.2972680347533716e-06,9.810368538875396e-05,40.08314677493284,8,1,1
2,20260713,2030071103,40,HTP,1.9224059617563085e-07,1.453786762713693e-05,48.37499289878748,8,1,1
2,20260713,2030071103,40,GP,1.2972680347533716e-06,9.810368538875396e-05,40.08314677493284,8,1,1
2,20260713,2030071103,40,MP,8.90932245067058e-07,6.737523343768472e-05,41.71499717085016,8,1,1
3,20260714,2030071104,40,OMP,9.591466521885058e-07,4.212215612438126e-05,43.75489406504716,8,1,1
3,20260714,2030071104,40,GOMP,0.0006865110637713448,0.030149014379928608,15.207268810812096,7,0,0
3,20260714,2030071104,40,CoSaMP,9.591466521884827e-07,4.212215612438025e-05,43.75489406504726,8,1,1
3,20260714,2030071104,40,SP,9.591466521884827e-07,4.212215612438025e-05,43.75489406504726,8,1,1
3,20260714,2030071104,40,IHT,0.00013335114312049346,0.005856286582525851,22.323776788478497,8,1,1
3,20260714,2030071104,40,HTP,9.591466521884827e-07,4.212215612438025e-05,43.75489406504726,8,1,1
3,20260714,2030071104,40,GP,0.00013335114312049346,0.005856286582525851,22.323776788478497,8,1,1
3,20260714,2030071104,40,MP,3.486588972658193e-06,0.00015311802914888434,38.14973669531134,8,1,1
4,20260715,2030071105,40,OMP,2.0509483705920884e-07,1.4673707927478838e-05,48.33460129580901,8,1,1
4,20260715,2030071105,40,GOMP,2.0509483705922625e-07,1.4673707927480085e-05,48.334601295808646,8,1,1
4,20260715,2030071105,40,CoSaMP,2.0509483705923284e-07,1.4673707927480556e-05,48.334601295808504,8,1,1
4,20260715,2030071105,40,SP,2.0509483705923284e-07,1.4673707927480556e-05,48.334601295808504,8,1,1
4,20260715,2030071105,40,IHT,8.046566801909386e-07,5.756993826035675e-05,42.39804236294401,8,1,1
4,20260715,2030071105,40,HTP,2.0509483705923284e-07,1.4673707927480556e-05,48.334601295808504,8,1,1
4,20260715,2030071105,40,GP,8.046566801909386e-07,5.756993826035675e-05,42.39804236294401,8,1,1
4,20260715,2030071105,40,MP,2.3594868663314944e-06,0.00016881176353198744,37.72597293142693,8,1,1
5,20260716,2030071106,40,OMP,7.155296840127786e-08,5.762876932093403e-06,52.39360654804108,8,1,1
5,20260716,2030071106,40,GOMP,0.0008834750833722038,0.07115509379697577,11.477940045223015,7,0,0
5,20260716,2030071106,40,CoSaMP,7.155296840127608e-08,5.76287693209326e-06,52.39360654804118,8,1,1
5,20260716,2030071106,40,SP,7.155296840127608e-08,5.76287693209326e-06,52.39360654804118,8,1,1
5,20260716,2030071106,40,IHT,3.7720415323167134e-07,3.038002701939341e-05,45.17411844220163,8,1,1
5,20260716,2030071106,40,HTP,7.155296840127373e-08,5.76287693209307e-06,52.39360654804132,8,1,1
5,20260716,2030071106,40,GP,3.7720415323167134e-07,3.038002701939341e-05,45.17411844220163,8,1,1
5,20260716,2030071106,40,MP,1.4476849556415532e-06,0.00011659656366760006,39.33314248909687,8,1,1
6,20260717,2030071107,40,OMP,1.4691087736283383e-07,9.592313701099526e-06,50.180766267786055,8,1,1
6,20260717,2030071107,40,GOMP,1.4691087736283695e-07,9.59231370109973e-06,50.18076626778597,8,1,1
6,20260717,2030071107,40,CoSaMP,1.4691087736283214e-07,9.592313701099416e-06,50.18076626778611,8,1,1
6,20260717,2030071107,40,SP,1.4691087736283214e-07,9.592313701099416e-06,50.18076626778611,8,1,1
6,20260717,2030071107,40,IHT,0.0007321465657009609,0.04780435362890969,13.205325496031158,7,0,0
6,20260717,2030071107,40,HTP,1.4691087736283214e-07,9.592313701099416e-06,50.18076626778611,8,1,1
6,20260717,2030071107,40,GP,0.0007321465657009609,0.04780435362890969,13.205325496031158,7,0,0
6,20260717,2030071107,40,MP,3.2413101839241794e-06,0.0002116362290178184,36.744099854283164,8,1,1
7,20260718,2030071108,40,OMP,1.7828643997468644e-07,1.0564478727965338e-05,49.76151927021823,8,1,1
7,20260718,2030071108,40,GOMP,0.004271183866401796,0.25309177246591036,5.967219727031948,6,0,0
7,20260718,2030071108,40,CoSaMP,1.7828643997469017e-07,1.0564478727965558e-05,49.76151927021814,8,1,1
7,20260718,2030071108,40,SP,1.7828643997469017e-07,1.0564478727965558e-05,49.76151927021814,8,1,1
7,20260718,2030071108,40,IHT,2.7892604316657677e-06,0.000165279437411349,37.817811741010914,8,1,1
7,20260718,2030071108,40,HTP,1.7828643997468207e-07,1.0564478727965079e-05,49.76151927021833,8,1,1
7,20260718,2030071108,40,GP,2.7892604316657677e-06,0.000165279437411349,37.817811741010914,8,1,1
7,20260718,2030071108,40,MP,2.3686163446698636e-05,0.0014035389899270322,28.52775518280729,8,1,1
8,20260719,2030071109,40,OMP,2.889390988272485e-07,1.7087528158644465e-05,47.673207567469404,8,1,1
8,20260719,2030071109,40,GOMP,2.8893909882723737e-07,1.7087528158643808e-05,47.673207567469575,8,1,1
8,20260719,2030071109,40,CoSaMP,2.889390988272608e-07,1.7087528158645194e-05,47.67320756746922,8,1,1
8,20260719,2030071109,40,SP,2.889390988272608e-07,1.7087528158645194e-05,47.67320756746922,8,1,1
8,20260719,2030071109,40,IHT,4.489019403044549e-06,0.00026547547827747046,35.75975588106487,8,1,1
8,20260719,2030071109,40,HTP,2.889390988272608e-07,1.7087528158645194e-05,47.67320756746922,8,1,1
8,20260719,2030071109,40,GP,4.489019403044549e-06,0.00026547547827747046,35.75975588106487,8,1,1
8,20260719,2030071109,40,MP,5.603775584541103e-06,0.00033140088511461873,34.7964633598946,8,1,1
9,20260720,2030071110,40,OMP,4.769002895516311e-07,3.943289092158829e-05,44.04141382569942,8,1,1
9,20260720,2030071110,40,GOMP,4.769002895516311e-07,3.943289092158829e-05,44.04141382569942,8,1,1
9,20260720,2030071110,40,CoSaMP,4.769002895516388e-07,3.943289092158893e-05,44.04141382569935,8,1,1
9,20260720,2030071110,40,SP,4.769002895516388e-07,3.943289092158893e-05,44.04141382569935,8,1,1
9,20260720,2030071110,40,IHT,4.0938302957665783e-05,0.0033850170998266883,24.704391330817575,8,1,1
9,20260720,2030071110,40,HTP,4.769002895516315e-07,3.9432890921588326e-05,44.04141382569942,8,1,1
9,20260720,2030071110,40,GP,4.0938302957665783e-05,0.0033850170998266883,24.704391330817575,8,1,1
9,20260720,2030071110,40,MP,1.7275997550661993e-06,0.00014284800028479053,38.451258348847354,8,1,1
10,20260721,2030071111,40,OMP,1.9961990592394355e-07,1.144939973100674e-05,49.41217281913187,8,1,1
10,20260721,2030071111,40,GOMP,1.9961990592394355e-07,1.144939973100674e-05,49.41217281913187,8,1,1
10,20260721,2030071111,40,CoSaMP,1.9961990592393413e-07,1.14493997310062e-05,49.41217281913208,8,1,1
10,20260721,2030071111,40,SP,1.9961990592393413e-07,1.14493997310062e-05,49.41217281913208,8,1,1
10,20260721,2030071111,40,IHT,0.0018182212315342864,0.10428590066148523,9.817744037386284,7,0,0
10,20260721,2030071111,40,HTP,1.9961990592393413e-07,1.14493997310062e-05,49.41217281913208,8,1,1
10,20260721,2030071111,40,GP,0.0018182212315342864,0.10428590066148523,9.817744037386284,7,0,0
10,20260721,2030071111,40,MP,5.5329829652904605e-06,0.0003173497822336314,34.984617953640935,8,1,1
11,20260722,2030071112,40,OMP,2.0506351826111738e-07,1.5913771098437667e-05,47.982268930639535,8,1,1
11,20260722,2030071112,40,GOMP,2.0506351826111738e-07,1.5913771098437667e-05,47.982268930639535,8,1,1
11,20260722,2030071112,40,CoSaMP,2.0506351826111698e-07,1.5913771098437636e-05,47.98226893063954,8,1,1
11,20260722,2030071112,40,SP,2.0506351826111698e-07,1.5913771098437636e-05,47.98226893063954,8,1,1
11,20260722,2030071112,40,IHT,2.575714938845724e-07,1.9988605627756518e-05,46.992175004938034,8,1,1
11,20260722,2030071112,40,HTP,2.0506351826111698e-07,1.5913771098437636e-05,47.98226893063954,8,1,1
11,20260722,2030071112,40,GP,2.575714938845724e-07,1.9988605627756518e-05,46.992175004938034,8,1,1
11,20260722,2030071112,40,MP,1.3687342776426772e-06,0.0001062194005725351,39.7379615376206,8,1,1
12,20260723,2030071113,40,OMP,0.016909327421260542,0.759882672002979,1.1925345881824259,4,0,0
12,20260723,2030071113,40,GOMP,0.0053866801657707795,0.24207023825470464,6.1605860236449,6,0,0
12,20260723,2030071113,40,CoSaMP,3.512735103381818e-07,1.5785764092782883e-05,48.01734391709811,8,1,1
12,20260723,2030071113,40,SP,3.512735103381818e-07,1.5785764092782883e-05,48.01734391709811,8,1,1
12,20260723,2030071113,40,IHT,0.011820198993296687,0.5311840128744535,2.7475500447002648,5,0,0
12,20260723,2030071113,40,HTP,3.512735103381818e-07,1.5785764092782883e-05,48.01734391709811,8,1,1
12,20260723,2030071113,40,GP,0.011820198993296687,0.5311840128744535,2.7475500447002648,5,0,0
12,20260723,2030071113,40,MP,0.014980681247489613,0.6732118795248164,1.718482290501126,3,0,0
13,20260724,2030071114,40,OMP,3.686152604926249e-07,2.618832564843859e-05,45.81892267320814,8,1,1
13,20260724,2030071114,40,GOMP,3.6861526049262927e-07,2.61883256484389e-05,45.81892267320809,8,1,1
13,20260724,2030071114,40,CoSaMP,3.6861526049263064e-07,2.6188325648438998e-05,45.81892267320807,8,1,1
13,20260724,2030071114,40,SP,3.6861526049263064e-07,2.6188325648438998e-05,45.81892267320807,8,1,1
13,20260724,2030071114,40,IHT,1.3101751091065203e-06,9.308158421847703e-05,40.31136233770699,8,1,1
13,20260724,2030071114,40,HTP,3.686152604926147e-07,2.6188325648437866e-05,45.818922673208256,8,1,1
13,20260724,2030071114,40,GP,1.3101751091065203e-06,9.308158421847703e-05,40.31136233770699,8,1,1
13,20260724,2030071114,40,MP,2.367451919097923e-06,0.0001681959714079655,37.74184410537175,8,1,1
14,20260725,2030071115,40,OMP,2.53276645978884e-07,1.973617350787215e-05,47.04737045460953,8,1,1
14,20260725,2030071115,40,GOMP,2.53276645978884e-07,1.973617350787215e-05,47.04737045460953,8,1,1
14,20260725,2030071115,40,CoSaMP,2.5327664597888343e-07,1.9736173507872107e-05,47.047370454609535,8,1,1
14,20260725,2030071115,40,SP,2.5327664597888343e-07,1.9736173507872107e-05,47.047370454609535,8,1,1
14,20260725,2030071115,40,IHT,3.739602086716158e-05,0.002914024518469978,25.355067984166055,8,1,1
14,20260725,2030071115,40,HTP,2.5327664597888343e-07,1.9736173507872107e-05,47.047370454609535,8,1,1
14,20260725,2030071115,40,GP,3.739602086716158e-05,0.002914024518469978,25.355067984166055,8,1,1
14,20260725,2030071115,40,MP,2.9148879736473747e-06,0.00022713793678676042,36.437103234589166,8,1,1
15,20260726,2030071116,40,OMP,8.622209413394857e-08,5.602187548809084e-06,52.51642356053427,8,1,1
15,20260726,2030071116,40,GOMP,8.622209413395144e-08,5.60218754880927e-06,52.51642356053412,8,1,1
15,20260726,2030071116,40,CoSaMP,8.62220941339455e-08,5.602187548808885e-06,52.51642356053442,8,1,1
15,20260726,2030071116,40,SP,8.62220941339455e-08,5.602187548808885e-06,52.51642356053442,8,1,1
15,20260726,2030071116,40,IHT,2.9516088240077547e-07,1.9177759910496873e-05,47.172021226776664,8,1,1
15,20260726,2030071116,40,HTP,8.622209413395163e-08,5.602187548809283e-06,52.51642356053411,8,1,1
15,20260726,2030071116,40,GP,2.9516088240077547e-07,1.9177759910496873e-05,47.172021226776664,8,1,1
15,20260726,2030071116,40,MP,4.3132448560962845e-06,0.00028024843133882314,35.52456809643961,8,1,1
16,20260727,2030071117,40,OMP,4.472990053648636e-08,2.6055340608680175e-06,55.841032451414954,8,1,1
16,20260727,2030071117,40,GOMP,4.472990053648961e-08,2.6055340608682064e-06,55.841032451414634,8,1,1
16,20260727,2030071117,40,CoSaMP,4.472990053648528e-08,2.6055340608679544e-06,55.84103245141506,8,1,1
16,20260727,2030071117,40,SP,4.472990053648636e-08,2.6055340608680175e-06,55.841032451414954,8,1,1
16,20260727,2030071117,40,IHT,1.2766017580471924e-06,7.436254771107154e-05,41.28645739423193,8,1,1
16,20260727,2030071117,40,HTP,4.472990053648636e-08,2.6055340608680175e-06,55.841032451414954,8,1,1
16,20260727,2030071117,40,GP,1.2766017580471924e-06,7.436254771107154e-05,41.28645739423193,8,1,1
16,20260727,2030071117,40,MP,3.596019868567207e-06,0.00020946955255282107,36.78879094985406,8,1,1
17,20260728,2030071118,40,OMP,9.968376717986637e-08,7.547768377803892e-06,51.22181435717639,8,1,1
17,20260728,2030071118,40,GOMP,9.968376717986894e-08,7.547768377804086e-06,51.22181435717628,8,1,1
17,20260728,2030071118,40,CoSaMP,9.968376717986894e-08,7.547768377804086e-06,51.22181435717628,8,1,1
17,20260728,2030071118,40,SP,9.968376717986894e-08,7.547768377804086e-06,51.22181435717628,8,1,1
17,20260728,2030071118,40,IHT,1.7128974153361702e-06,0.00012969566973295135,38.87074523857932,8,1,1
17,20260728,2030071118,40,HTP,9.968376717986894e-08,7.547768377804086e-06,51.22181435717628,8,1,1
17,20260728,2030071118,40,GP,1.7128974153361702e-06,0.00012969566973295135,38.87074523857932,8,1,1
17,20260728,2030071118,40,MP,1.9729444033620473e-06,0.00014938568033842227,38.25691030687028,8,1,1
18,20260729,2030071119,40,OMP,1.458076592300171e-07,7.93816802669923e-06,51.00279712647805,8,1,1
18,20260729,2030071119,40,GOMP,1.458076592300171e-07,7.93816802669923e-06,51.00279712647805,8,1,1
18,20260729,2030071119,40,CoSaMP,1.4580765923001726e-07,7.938168026699238e-06,51.00279712647805,8,1,1
18,20260729,2030071119,40,SP,1.4580765923001726e-07,7.938168026699238e-06,51.00279712647805,8,1,1
18,20260729,2030071119,40,IHT,1.4704309673780326e-07,8.005428625868592e-06,50.96615410169911,8,1,1
18,20260729,2030071119,40,HTP,1.4580765923002036e-07,7.938168026699407e-06,51.00279712647796,8,1,1
18,20260729,2030071119,40,GP,1.4704309673780326e-07,8.005428625868592e-06,50.96615410169911,8,1,1
18,20260729,2030071119,40,MP,8.595466890503067e-06,0.00046796074228929444,33.29790578811042,8,1,1
19,20260730,2030071120,40,OMP,1.9540710085096092e-07,1.4239039730778643e-05,48.46519298177117,8,1,1
19,20260730,2030071120,40,GOMP,1.9540710085096108e-07,1.4239039730778655e-05,48.46519298177117,8,1,1
19,20260730,2030071120,40,CoSaMP,1.9540710085096092e-07,1.4239039730778643e-05,48.46519298177117,8,1,1
19,20260730,2030071120,40,SP,1.9540710085096092e-07,1.4239039730778643e-05,48.46519298177117,8,1,1
19,20260730,2030071120,40,IHT,8.63850690914296e-05,0.006294758100306136,22.010209546301095,8,1,1
19,20260730,2030071120,40,HTP,1.9540710085096092e-07,1.4239039730778643e-05,48.46519298177117,8,1,1
19,20260730,2030071120,40,GP,8.63850690914296e-05,0.006294758100306136,22.010209546301095,8,1,1
19,20260730,2030071120,40,MP,6.1621542191411505e-06,0.0004490274835020388,33.47727076439902,8,1,1
20,20260731,2030071121,40,OMP,6.945007342107762e-08,7.0744263047103634e-06,51.50308773160667,8,1,1
20,20260731,2030071121,40,GOMP,6.945007342107792e-08,7.074426304710395e-06,51.50308773160664,8,1,1
20,20260731,2030071121,40,CoSaMP,6.945007342108012e-08,7.074426304710618e-06,51.50308773160651,8,1,1
20,20260731,2030071121,40,SP,6.945007342108012e-08,7.074426304710618e-06,51.50308773160651,8,1,1
20,20260731,2030071121,40,IHT,0.003637645832419619,0.3705432708193396,4.311610692480166,5,0,0
20,20260731,2030071121,40,HTP,0.003627240227250208,0.3694833196443338,4.3240516308766495,5,0,0
20,20260731,2030071121,40,GP,0.003637645832419619,0.3705432708193396,4.311610692480166,5,0,0
20,20260731,2030071121,40,MP,1.5933175262765697e-06,0.00016230087117843268,37.896791490156005,8,1,1
21,20260732,2030071122,40,OMP,4.539414596634162e-07,2.9025005628781543e-05,45.37227687367217,8,1,1
21,20260732,2030071122,40,GOMP,4.5394145966342416e-07,2.902500562878205e-05,45.3722768736721,8,1,1
21,20260732,2030071122,40,CoSaMP,4.5394145966341706e-07,2.9025005628781598e-05,45.37227687367216,8,1,1
21,20260732,2030071122,40,SP,4.5394145966341706e-07,2.9025005628781598e-05,45.37227687367216,8,1,1
21,20260732,2030071122,40,IHT,3.9048170397443287e-07,2.4967390430029768e-05,46.02626847358827,8,1,1
21,20260732,2030071122,40,HTP,4.539414596634257e-07,2.902500562878215e-05,45.37227687367208,8,1,1
21,20260732,2030071122,40,GP,3.9048170397443287e-07,2.4967390430029768e-05,46.02626847358827,8,1,1
21,20260732,2030071122,40,MP,1.760915080502949e-06,0.00011259286640462699,39.484891243980634,8,1,1
22,20260733,2030071123,40,OMP,3.5902483411998397e-07,2.5673207801742566e-05,45.90519863951924,8,1,1
22,20260733,2030071123,40,GOMP,3.5902483411998397e-07,2.5673207801742566e-05,45.90519863951924,8,1,1
22,20260733,2030071123,40,CoSaMP,3.590248341199787e-07,2.567320780174219e-05,45.90519863951931,8,1,1
22,20260733,2030071123,40,SP,3.590248341199787e-07,2.567320780174219e-05,45.90519863951931,8,1,1
22,20260733,2030071123,40,IHT,4.7474810761577305e-06,0.00033948366970710793,34.69181111889124,8,1,1
22,20260733,2030071123,40,HTP,3.590248341199787e-07,2.567320780174219e-05,45.90519863951931,8,1,1
22,20260733,2030071123,40,GP,4.7474810761577305e-06,0.00033948366970710793,34.69181111889124,8,1,1
22,20260733,2030071123,40,MP,2.435849416121426e-06,0.0001741831268779014,37.5899391740376,8,1,1
23,20260734,2030071124,40,OMP,5.1637510059349956e-08,3.19496605006091e-06,54.9553375232547,8,1,1
23,20260734,2030071124,40,GOMP,5.163751005935467e-08,3.1949660500612013e-06,54.9553375232543,8,1,1
23,20260734,2030071124,40,CoSaMP,5.163751005934808e-08,3.194966050060794e-06,54.955337523254855,8,1,1
23,20260734,2030071124,40,SP,5.163751005934808e-08,3.194966050060794e-06,54.955337523254855,8,1,1
23,20260734,2030071124,40,IHT,6.113507720649134e-05,0.003782608726061631,24.222085799075586,8,1,1
23,20260734,2030071124,40,HTP,5.1637510059349956e-08,3.19496605006091e-06,54.9553375232547,8,1,1
23,20260734,2030071124,40,GP,6.113507720649134e-05,0.003782608726061631,24.222085799075586,8,1,1
23,20260734,2030071124,40,MP,1.435010690526717e-06,8.878837171733759e-05,40.516439084294646,8,1,1
24,20260735,2030071125,40,OMP,3.0388133528699146e-07,1.3334841373522365e-05,48.75012146154358,8,1,1
24,20260735,2030071125,40,GOMP,0.0006571095970930753,0.028835111685881997,15.400783621144218,7,0,0
24,20260735,2030071125,40,CoSaMP,3.038813352870153e-07,1.333484137352341e-05,48.75012146154323,8,1,1
24,20260735,2030071125,40,SP,3.038813352870153e-07,1.333484137352341e-05,48.75012146154323,8,1,1
24,20260735,2030071125,40,IHT,4.086797764568953e-06,0.00017933579192919155,37.46333025072073,8,1,1
24,20260735,2030071125,40,HTP,3.038813352869936e-07,1.3334841373522462e-05,48.75012146154354,8,1,1
24,20260735,2030071125,40,GP,4.086797764568953e-06,0.00017933579192919155,37.46333025072073,8,1,1
24,20260735,2030071125,40,MP,2.316815098313884e-06,0.00010166587493312161,39.92824797473027,8,1,1
25,20260736,2030071126,40,OMP,1.7458372532403434e-07,1.2814152518138235e-05,48.923101112016866,8,1,1
25,20260736,2030071126,40,GOMP,1.745837253240423e-07,1.281415251813882e-05,48.92310111201667,8,1,1
25,20260736,2030071126,40,CoSaMP,1.7458372532403685e-07,1.281415251813842e-05,48.9231011120168,8,1,1
25,20260736,2030071126,40,SP,1.7458372532403685e-07,1.281415251813842e-05,48.9231011120168,8,1,1
25,20260736,2030071126,40,IHT,3.2033771472640173e-07,2.3512250790829396e-05,46.28705794556555,8,1,1
25,20260736,2030071126,40,HTP,1.7458372532404784e-07,1.2814152518139226e-05,48.92310111201653,8,1,1
25,20260736,2030071126,40,GP,3.2033771472640173e-07,2.3512250790829396e-05,46.28705794556555,8,1,1
25,20260736,2030071126,40,MP,3.867649367306169e-06,0.0002838789743279653,35.468667725727464,8,1,1
26,20260737,2030071127,40,OMP,6.749566031340272e-08,5.374939280148878e-06,52.69626437541703,8,1,1
26,20260737,2030071127,40,GOMP,6.749566031340434e-08,5.374939280149008e-06,52.69626437541692,8,1,1
26,20260737,2030071127,40,CoSaMP,6.749566031340138e-08,5.374939280148772e-06,52.696264375417115,8,1,1
26,20260737,2030071127,40,SP,6.749566031340138e-08,5.374939280148772e-06,52.696264375417115,8,1,1
26,20260737,2030071127,40,IHT,3.85312926394287e-07,3.068395173273856e-05,45.130887090906135,8,1,1
26,20260737,2030071127,40,HTP,6.749566031340138e-08,5.374939280148772e-06,52.696264375417115,8,1,1
26,20260737,2030071127,40,GP,3.85312926394287e-07,3.068395173273856e-05,45.130887090906135,8,1,1
26,20260737,2030071127,40,MP,1.1483779813196215e-06,9.144975975629108e-05,40.38817431102317,8,1,1
27,20260738,2030071128,40,OMP,9.850939060349518e-08,6.62810286485649e-06,51.78610760166265,8,1,1
27,20260738,2030071128,40,GOMP,0.002331656620114636,0.15688311367033353,8.044237997812138,7,0,0
27,20260738,2030071128,40,CoSaMP,9.850939060349262e-08,6.628102864856318e-06,51.78610760166276,8,1,1
27,20260738,2030071128,40,SP,9.850939060349262e-08,6.628102864856318e-06,51.78610760166276,8,1,1
27,20260738,2030071128,40,IHT,0.006977074407476537,0.46944526390026553,3.284150380557496,5,0,0
27,20260738,2030071128,40,HTP,0.006383117539642112,0.42948148792747154,3.670555509578002,5,0,0
27,20260738,2030071128,40,GP,0.006977074407476537,0.46944526390026553,3.284150380557496,5,0,0
27,20260738,2030071128,40,MP,3.2438245159374574e-06,0.0002182573908483191,36.6103104086274,8,1,1
28,20260739,2030071129,40,OMP,1.7754390275286939e-07,1.0135017072677702e-05,49.941755153909554,8,1,1
28,20260739,2030071129,40,GOMP,1.7754390275287412e-07,1.0135017072677973e-05,49.94175515390943,8,1,1
28,20260739,2030071129,40,CoSaMP,1.7754390275287148e-07,1.013501707267782e-05,49.941755153909504,8,1,1
28,20260739,2030071129,40,SP,1.7754390275287148e-07,1.013501707267782e-05,49.941755153909504,8,1,1
28,20260739,2030071129,40,IHT,5.648561196077667e-07,3.224456783401801e-05,44.915434394293534,8,1,1
28,20260739,2030071129,40,HTP,1.7754390275287148e-07,1.013501707267782e-05,49.941755153909504,8,1,1
28,20260739,2030071129,40,GP,5.648561196077667e-07,3.224456783401801e-05,44.915434394293534,8,1,1
28,20260739,2030071129,40,MP,1.5152682823181852e-06,8.64984360085755e-05,40.62991745009013,8,1,1
29,20260740,2030071130,40,OMP,3.376161567157004e-07,2.5452585066263513e-05,45.942681024038535,8,1,1
29,20260740,2030071130,40,GOMP,3.376161567156977e-07,2.545258506626331e-05,45.94268102403858,8,1,1
29,20260740,2030071130,40,CoSaMP,3.3761615671570166e-07,2.5452585066263608e-05,45.94268102403852,8,1,1
29,20260740,2030071130,40,SP,3.3761615671570166e-07,2.5452585066263608e-05,45.94268102403852,8,1,1
29,20260740,2030071130,40,IHT,2.683931014516213e-07,2.023391982288389e-05,46.9391997523498,8,1,1
29,20260740,2030071130,40,HTP,3.376161567156976e-07,2.5452585066263303e-05,45.94268102403858,8,1,1
29,20260740,2030071130,40,GP,2.683931014516213e-07,2.023391982288389e-05,46.9391997523498,8,1,1
29,20260740,2030071130,40,MP,2.297346467755102e-06,0.0001731949293127461,37.614648271208104,8,1,1
30,20260741,2030071131,40,OMP,9.265860409174112e-08,6.051783488103122e-06,52.18116617926461,8,1,1
30,20260741,2030071131,40,GOMP,0.0006066163780974607,0.03961975271015709,14.0208823947262,7,0,0
30,20260741,2030071131,40,CoSaMP,9.26586040917427e-08,6.051783488103224e-06,52.18116617926454,8,1,1
30,20260741,2030071131,40,SP,9.26586040917427e-08,6.051783488103224e-06,52.18116617926454,8,1,1
30,20260741,2030071131,40,IHT,1.8422913273405592e-06,0.00012032501832249087,39.19644063518411,8,1,1
30,20260741,2030071131,40,HTP,9.265860409173683e-08,6.051783488102841e-06,52.18116617926481,8,1,1
30,20260741,2030071131,40,GP,1.8422913273405592e-06,0.00012032501832249087,39.19644063518411,8,1,1
30,20260741,2030071131,40,MP,9.69459715373451e-07,6.331803026159703e-05,41.984726039143084,8,1,1
31,20260742,2030071132,40,OMP,2.1797414567289252e-07,2.047634827186879e-05,46.88747492363415,8,1,1
31,20260742,2030071132,40,GOMP,2.1797414567289694e-07,2.0476348271869208e-05,46.88747492363406,8,1,1
31,20260742,2030071132,40,CoSaMP,2.1797414567289752e-07,2.0476348271869262e-05,46.88747492363405,8,1,1
31,20260742,2030071132,40,SP,2.1797414567289752e-07,2.0476348271869262e-05,46.88747492363405,8,1,1
31,20260742,2030071132,40,IHT,3.490992938018933e-07,3.27941586800768e-05,44.84203506255679,8,1,1
31,20260742,2030071132,40,HTP,2.1797414567289193e-07,2.0476348271868737e-05,46.88747492363417,8,1,1
31,20260742,2030071132,40,GP,3.490992938018933e-07,3.27941586800768e-05,44.84203506255679,8,1,1
31,20260742,2030071132,40,MP,1.542619258799594e-06,0.00014491264134359582,38.38893727528828,8,1,1
32,20260743,2030071133,40,OMP,4.263430502865083e-07,2.6115494085587324e-05,45.831017532229545,8,1,1
32,20260743,2030071133,40,GOMP,0.0006790762525253827,0.041596577790048814,13.809423979317636,7,0,0
32,20260743,2030071133,40,CoSaMP,4.263430502864962e-07,2.6115494085586582e-05,45.831017532229666,8,1,1
32,20260743,2030071133,40,SP,4.263430502864962e-07,2.6115494085586582e-05,45.831017532229666,8,1,1
32,20260743,2030071133,40,IHT,0.0026908883374802514,0.16482942178890078,7.829652648470456,6,0,0
32,20260743,2030071133,40,HTP,0.0026229207201894198,0.16066608921862116,7.940757773705457,6,0,0
32,20260743,2030071133,40,GP,0.0026908883374802514,0.16482942178890078,7.829652648470456,6,0,0
32,20260743,2030071133,40,MP,1.564238950325979e-06,9.58169085393349e-05,40.18557845437451,8,1,1
33,20260744,2030071134,40,OMP,1.8644604892206592e-07,9.899802035338313e-06,50.043734898286914,8,1,1
33,20260744,2030071134,40,GOMP,1.8644604892207127e-07,9.899802035338596e-06,50.04373489828679,8,1,1
33,20260744,2030071134,40,CoSaMP,1.8644604892206619e-07,9.899802035338326e-06,50.04373489828691,8,1,1
33,20260744,2030071134,40,SP,1.8644604892206619e-07,9.899802035338326e-06,50.04373489828691,8,1,1
33,20260744,2030071134,40,IHT,0.00011920020518173016,0.006329221995817668,21.986496712921472,8,1,1
33,20260744,2030071134,40,HTP,1.8644604892206619e-07,9.899802035338326e-06,50.04373489828691,8,1,1
33,20260744,2030071134,40,GP,0.00011920020518173016,0.006329221995817668,21.986496712921472,8,1,1
33,20260744,2030071134,40,MP,3.938525053460579e-06,0.0002091254739153951,36.79593061840151,8,1,1
34,20260745,2030071135,40,OMP,3.5325989297009774e-07,2.6069845198004172e-05,45.83861547652238,8,1,1
34,20260745,2030071135,40,GOMP,0.002371202984372214,0.17498984732144987,7.569871477718648,6,0,0
34,20260745,2030071135,40,CoSaMP,3.532598929701111e-07,2.6069845198005155e-05,45.83861547652222,8,1,1
34,20260745,2030071135,40,SP,3.532598929701111e-07,2.6069845198005155e-05,45.83861547652222,8,1,1
34,20260745,2030071135,40,IHT,0.005275134323074341,0.3892939389325676,4.097223579274374,5,0,0
34,20260745,2030071135,40,HTP,0.0052125858543144955,0.3846779920606157,4.149026595471962,5,0,0
34,20260745,2030071135,40,GP,0.005275134323074341,0.3892939389325676,4.097223579274374,5,0,0
34,20260745,2030071135,40,MP,8.573793584093929e-07,6.327281300396309e-05,41.98782857101755,8,1,1
35,20260746,2030071136,40,OMP,3.5206304647661996e-07,2.0760701210492944e-05,46.82757981907165,8,1,1
35,20260746,2030071136,40,GOMP,0.000610690358085287,0.036011618325808986,14.435573614341495,7,0,0
35,20260746,2030071136,40,CoSaMP,3.520630464766034e-07,2.0760701210491965e-05,46.82757981907186,8,1,1
35,20260746,2030071136,40,SP,3.5206304647661906e-07,2.076070121049289e-05,46.82757981907166,8,1,1
35,20260746,2030071136,40,IHT,8.371732320737244e-07,4.93670196473161e-05,43.065630909249855,8,1,1
35,20260746,2030071136,40,HTP,3.520630464766147e-07,2.0760701210492636e-05,46.827579819071715,8,1,1
35,20260746,2030071136,40,GP,8.371732320737244e-07,4.93670196473161e-05,43.065630909249855,8,1,1
35,20260746,2030071136,40,MP,1.8407689162237246e-06,0.00010854775543681354,39.643791525088204,8,1,1
36,20260747,2030071137,40,OMP,1.0957403687909582e-06,5.8869897478554407e-05,42.30106720507465,8,1,1
36,20260747,2030071137,40,GOMP,1.0957403687909512e-06,5.8869897478554034e-05,42.30106720507468,8,1,1
36,20260747,2030071137,40,CoSaMP,1.0957403687909929e-06,5.886989747855627e-05,42.30106720507451,8,1,1
36,20260747,2030071137,40,SP,1.0957403687909929e-06,5.886989747855627e-05,42.30106720507451,8,1,1
36,20260747,2030071137,40,IHT,1.0021379651503385e-06,5.384100189067925e-05,42.68886867217493,8,1,1
36,20260747,2030071137,40,HTP,1.0957403687909929e-06,5.886989747855627e-05,42.30106720507451,8,1,1
36,20260747,2030071137,40,GP,1.0021379651503385e-06,5.384100189067925e-05,42.68886867217493,8,1,1
36,20260747,2030071137,40,MP,5.035135104602166e-06,0.00027051835986080156,35.67803254344295,8,1,1
37,20260748,2030071138,40,OMP,1.6043701672786282e-07,1.1870576659038872e-05,49.25528183003674,8,1,1
37,20260748,2030071138,40,GOMP,1.6043701672785372e-07,1.18705766590382e-05,49.25528183003699,8,1,1
37,20260748,2030071138,40,CoSaMP,1.6043701672785705e-07,1.1870576659038446e-05,49.25528183003691,8,1,1
37,20260748,2030071138,40,SP,1.6043701672785705e-07,1.1870576659038446e-05,49.25528183003691,8,1,1
37,20260748,2030071138,40,IHT,0.0012442339997513173,0.09205964668916412,10.359306961946066,7,0,0
37,20260748,2030071138,40,HTP,1.6043701672785705e-07,1.1870576659038446e-05,49.25528183003691,8,1,1
37,20260748,2030071138,40,GP,0.0012442339997513173,0.09205964668916412,10.359306961946066,7,0,0
37,20260748,2030071138,40,MP,1.532515721464681e-06,0.0001133893270010512,39.45427822362794,8,1,1
38,20260749,2030071139,40,OMP,1.1952637569919506e-07,9.417509675387294e-06,50.26063924937793,8,1,1
38,20260749,2030071139,40,GOMP,1.19526375699194e-07,9.41750967538721e-06,50.26063924937796,8,1,1
38,20260749,2030071139,40,CoSaMP,1.195263756991884e-07,9.417509675386768e-06,50.260639249378166,8,1,1
38,20260749,2030071139,40,SP,1.195263756991884e-07,9.417509675386768e-06,50.260639249378166,8,1,1
38,20260749,2030071139,40,IHT,4.911404563491486e-06,0.0003869706558561188,34.12321966461561,8,1,1
38,20260749,2030071139,40,HTP,1.1952637569920361e-07,9.417509675387967e-06,50.26063924937762,8,1,1
38,20260749,2030071139,40,GP,4.911404563491486e-06,0.0003869706558561188,34.12321966461561,8,1,1
38,20260749,2030071139,40,MP,0.0001615101566135837,0.012725421093747634,18.953278376226276,8,1,0
39,20260750,2030071140,40,OMP,4.095852283982986e-08,2.219174909430085e-06,56.53808466489636,8,1,1
39,20260750,2030071140,40,GOMP,4.0958522839826685e-08,2.219174909429913e-06,56.5380846648967,8,1,1
39,20260750,2030071140,40,CoSaMP,4.095852283982417e-08,2.2191749094297767e-06,56.538084664896964,8,1,1
39,20260750,2030071140,40,SP,4.095852283982417e-08,2.2191749094297767e-06,56.538084664896964,8,1,1
39,20260750,2030071140,40,IHT,0.0016948163535826497,0.09182689382305924,10.370301060709021,7,0,0
39,20260750,2030071140,40,HTP,0.0014257158954274624,0.07724675412443203,11.121197603881047,7,0,0
39,20260750,2030071140,40,GP,0.0016948163535826497,0.09182689382305924,10.370301060709021,7,0,0
39,20260750,2030071140,40,MP,0.00026914810611711643,0.014582721314229209,18.361614237908555,8,1,0
40,20260751,2030071141,40,OMP,1.0064090253743949e-07,7.124580205410563e-06,51.472407200695976,8,1,1
40,20260751,2030071141,40,GOMP,1.0064090253744145e-07,7.124580205410702e-06,51.47240720069589,8,1,1
40,20260751,2030071141,40,CoSaMP,1.0064090253744276e-07,7.1245802054107945e-06,51.472407200695834,8,1,1
40,20260751,2030071141,40,SP,1.0064090253744276e-07,7.1245802054107945e-06,51.472407200695834,8,1,1
40,20260751,2030071141,40,IHT,1.2637275590392835e-06,8.946191980754226e-05,40.4836178632348,8,1,1
40,20260751,2030071141,40,HTP,1.0064090253744276e-07,7.1245802054107945e-06,51.472407200695834,8,1,1
40,20260751,2030071141,40,GP,1.2637275590392835e-06,8.946191980754226e-05,40.4836178632348,8,1,1
40,20260751,2030071141,40,MP,9.156457517428164e-07,6.482047988001994e-05,41.88287758116009,8,1,1
41,20260752,2030071142,40,OMP,3.9506850770424547e-07,2.880632037492505e-05,45.40512213532341,8,1,1
41,20260752,2030071142,40,GOMP,3.9506850770424547e-07,2.880632037492505e-05,45.40512213532341,8,1,1
41,20260752,2030071142,40,CoSaMP,3.950685077042385e-07,2.8806320374924542e-05,45.40512213532349,8,1,1
41,20260752,2030071142,40,SP,3.950685077042385e-07,2.8806320374924542e-05,45.40512213532349,8,1,1
41,20260752,2030071142,40,IHT,4.062688280570071e-07,2.9622988902260513e-05,45.283711241311366,8,1,1
41,20260752,2030071142,40,HTP,3.950685077042336e-07,2.8806320374924186e-05,45.40512213532354,8,1,1
41,20260752,2030071142,40,GP,4.062688280570071e-07,2.9622988902260513e-05,45.283711241311366,8,1,1
41,20260752,2030071142,40,MP,1.969075357672042e-06,0.00014357463196720764,38.42922288296427,8,1,1
42,20260753,2030071143,40,OMP,4.3076200616325755e-07,2.2423115234025503e-05,46.49304051198591,8,1,1
42,20260753,2030071143,40,GOMP,4.307620061632524e-07,2.2423115234025235e-05,46.49304051198597,8,1,1
42,20260753,2030071143,40,CoSaMP,4.3076200616325125e-07,2.2423115234025174e-05,46.493040511985974,8,1,1
42,20260753,2030071143,40,SP,4.3076200616325125e-07,2.2423115234025174e-05,46.493040511985974,8,1,1
42,20260753,2030071143,40,IHT,0.011838493551551903,0.6162472578956026,2.102450001827997,3,0,0
42,20260753,2030071143,40,HTP,0.011785901142483438,0.6135095845815587,2.121786480985622,3,0,0
42,20260753,2030071143,40,GP,0.011838493551551903,0.6162472578956026,2.102450001827997,3,0,0
42,20260753,2030071143,40,MP,3.7740364519844386e-06,0.00019645570651416027,37.06735351572887,8,1,1
43,20260754,2030071144,40,OMP,1.498013376506061e-07,8.910687757413067e-06,50.500887743332534,8,1,1
43,20260754,2030071144,40,GOMP,1.498013376506059e-07,8.910687757413055e-06,50.50088774333254,8,1,1
43,20260754,2030071144,40,CoSaMP,1.4980133765061083e-07,8.910687757413348e-06,50.5008877433324,8,1,1
43,20260754,2030071144,40,SP,1.4980133765061083e-07,8.910687757413348e-06,50.5008877433324,8,1,1
43,20260754,2030071144,40,IHT,8.057977298226234e-08,4.793156108411187e-06,53.19378426230932,8,1,1
43,20260754,2030071144,40,HTP,1.4980133765061083e-07,8.910687757413348e-06,50.5008877433324,8,1,1
43,20260754,2030071144,40,GP,8.057977298226234e-08,4.793156108411187e-06,53.19378426230932,8,1,1
43,20260754,2030071144,40,MP,2.1147188324122962e-06,0.00012579059376824505,39.00351832875468,8,1,1
44,20260755,2030071145,40,OMP,3.9366287422515156e-07,2.0293505796658487e-05,46.92642920111933,8,1,1
44,20260755,2030071145,40,GOMP,3.936628742251459e-07,2.0293505796658192e-05,46.9264292011194,8,1,1
44,20260755,2030071145,40,CoSaMP,3.9366287422514664e-07,2.0293505796658233e-05,46.92642920111939,8,1,1
44,20260755,2030071145,40,SP,3.9366287422514664e-07,2.0293505796658233e-05,46.92642920111939,8,1,1
44,20260755,2030071145,40,IHT,0.011683256114143706,0.6022773322043503,2.20203481979383,4,0,0
44,20260755,2030071145,40,HTP,0.010070638149388644,0.5191461197933082,2.8471038764586187,4,0,0
44,20260755,2030071145,40,GP,0.011683256114143706,0.6022773322043503,2.20203481979383,4,0,0
44,20260755,2030071145,40,MP,1.2875585525495103e-06,6.637424725694715e-05,41.78000391168597,8,1,1
45,20260756,2030071146,40,OMP,1.2901632767311584e-07,8.468690995234604e-06,50.721837133387304,8,1,1
45,20260756,2030071146,40,GOMP,1.2901632767311584e-07,8.468690995234604e-06,50.721837133387304,8,1,1
45,20260756,2030071146,40,CoSaMP,1.290163276731141e-07,8.46869099523449e-06,50.72183713338735,8,1,1
45,20260756,2030071146,40,SP,1.290163276731141e-07,8.46869099523449e-06,50.72183713338735,8,1,1
45,20260756,2030071146,40,IHT,1.985487530107946e-07,1.303283132502269e-05,48.84961225480168,8,1,1
45,20260756,2030071146,40,HTP,1.290163276731141e-07,8.46869099523449e-06,50.72183713338735,8,1,1
45,20260756,2030071146,40,GP,1.985487530107946e-07,1.303283132502269e-05,48.84961225480168,8,1,1
45,20260756,2030071146,40,MP,9.733625235016046e-07,6.389196302937826e-05,41.94553768312844,8,1,1
46,20260757,2030071147,40,OMP,6.152320689646549e-07,3.527751817083838e-05,44.52501975768762,8,1,1
46,20260757,2030071147,40,GOMP,0.0012264215234230678,0.07032323209431098,11.529011770630277,7,0,0
46,20260757,2030071147,40,CoSaMP,6.152320689646712e-07,3.527751817083931e-05,44.52501975768751,8,1,1
46,20260757,2030071147,40,SP,6.152320689646712e-07,3.527751817083931e-05,44.52501975768751,8,1,1
46,20260757,2030071147,40,IHT,3.547124781593374e-05,0.002033927768873835,26.916644742925882,8,1,1
46,20260757,2030071147,40,HTP,6.152320689646712e-07,3.527751817083931e-05,44.52501975768751,8,1,1
46,20260757,2030071147,40,GP,3.547124781593374e-05,0.002033927768873835,26.916644742925882,8,1,1
46,20260757,2030071147,40,MP,3.0533438794669223e-06,0.00017507929060164238,37.56765221759726,8,1,1
47,20260758,2030071148,40,OMP,5.1910066105055836e-08,4.028381186865047e-06,53.94869440918983,8,1,1
47,20260758,2030071148,40,GOMP,5.1910066105055386e-08,4.0283811868650125e-06,53.94869440918987,8,1,1
47,20260758,2030071148,40,CoSaMP,5.1910066105055836e-08,4.028381186865047e-06,53.94869440918983,8,1,1
47,20260758,2030071148,40,SP,5.191006610505549e-08,4.02838118686502e-06,53.948694409189855,8,1,1
47,20260758,2030071148,40,IHT,1.1098664161471081e-06,8.612905600412805e-05,40.64850312733267,8,1,1
47,20260758,2030071148,40,HTP,5.191006610505568e-08,4.0283811868650345e-06,53.94869440918984,8,1,1
47,20260758,2030071148,40,GP,1.1098664161471081e-06,8.612905600412805e-05,40.64850312733267,8,1,1
47,20260758,2030071148,40,MP,1.1850609373094071e-06,9.196438269765405e-05,40.36380339968525,8,1,1
48,20260759,2030071149,40,OMP,0.0005616275594679359,0.03751543858593226,14.257899719290819,7,0,0
48,20260759,2030071149,40,GOMP,4.216277060728589e-07,2.8163768046370025e-05,45.50309241139622,8,1,1
48,20260759,2030071149,40,CoSaMP,4.2162770607283635e-07,2.816376804636852e-05,45.50309241139645,8,1,1
48,20260759,2030071149,40,SP,4.2162770607283635e-07,2.816376804636852e-05,45.50309241139645,8,1,1
48,20260759,2030071149,40,IHT,1.6926162389718229e-06,0.000113062899945394,39.46679879532801,8,1,1
48,20260759,2030071149,40,HTP,4.2162770607283635e-07,2.816376804636852e-05,45.50309241139645,8,1,1
48,20260759,2030071149,40,GP,1.6926162389718229e-06,0.000113062899945394,39.46679879532801,8,1,1
48,20260759,2030071149,40,MP,0.00041824072015212674,0.02793752512050467,15.538120690204838,8,1,0
49,20260760,2030071150,40,OMP,1.796667395801985e-07,1.2644714779800884e-05,48.98090962361935,8,1,1
49,20260760,2030071150,40,GOMP,1.7966673958020364e-07,1.2644714779801245e-05,48.980909623619226,8,1,1
49,20260760,2030071150,40,CoSaMP,1.796667395802059e-07,1.2644714779801402e-05,48.98090962361917,8,1,1
49,20260760,2030071150,40,SP,1.796667395802059e-07,1.2644714779801402e-05,48.98090962361917,8,1,1
49,20260760,2030071150,40,IHT,1.170316563541946e-06,8.23653792718771e-05,40.84255297413365,8,1,1
49,20260760,2030071150,40,HTP,1.796667395802041e-07,1.2644714779801277e-05,48.98090962361921,8,1,1
49,20260760,2030071150,40,GP,1.170316563541946e-06,8.23653792718771e-05,40.84255297413365,8,1,1
49,20260760,2030071150,40,MP,2.041722991948601e-06,0.00014369384646749112,38.425618296558525,8,1,1
50,20260761,2030071151,40,OMP,5.8165261460226e-08,3.5851459390099222e-06,54.45493160995711,8,1,1
50,20260761,2030071151,40,GOMP,0.0007269257154696837,0.044805691771197836,13.48666813059648,7,0,0
50,20260761,2030071151,40,CoSaMP,5.8165261460228713e-08,3.5851459390100895e-06,54.454931609956915,8,1,1
50,20260761,2030071151,40,SP,5.8165261460228713e-08,3.5851459390100895e-06,54.454931609956915,8,1,1
50,20260761,2030071151,40,IHT,7.422497683024584e-07,4.575022402985816e-05,43.396067749375774,8,1,1
50,20260761,2030071151,40,HTP,5.8165261460228713e-08,3.5851459390100895e-06,54.454931609956915,8,1,1
50,20260761,2030071151,40,GP,7.422497683024584e-07,4.575022402985816e-05,43.396067749375774,8,1,1
50,20260761,2030071151,40,MP,2.017235048948625e-06,0.0001243367924807149,39.05400340328758,8,1,1
51,20260762,2030071152,40,OMP,2.497471689478916e-07,1.3271985769616696e-05,48.7706409263923,8,1,1
51,20260762,2030071152,40,GOMP,0.0005692331427591467,0.030250009247832006,15.19274488241866,7,0,0
51,20260762,2030071152,40,CoSaMP,2.497471689478979e-07,1.327198576961703e-05,48.7706409263922,8,1,1
51,20260762,2030071152,40,SP,2.497471689478979e-07,1.327198576961703e-05,48.7706409263922,8,1,1
51,20260762,2030071152,40,IHT,0.004101449933600238,0.21795796678237878,6.616272520585876,6,0,0
51,20260762,2030071152,40,HTP,0.007825910737414425,0.41588209539594695,3.8102977652884458,4,0,0
51,20260762,2030071152,40,GP,0.004101449933600238,0.21795796678237878,6.616272520585876,6,0,0
51,20260762,2030071152,40,MP,1.925427826069103e-06,0.00010232048201253043,39.90037422645029,8,1,1
52,20260763,2030071153,40,OMP,8.467633761093905e-08,6.143237767110143e-06,52.116026754755545,8,1,1
52,20260763,2030071153,40,GOMP,8.467633761093514e-08,6.1432377671098595e-06,52.11602675475575,8,1,1
52,20260763,2030071153,40,CoSaMP,8.467633761093695e-08,6.143237767109992e-06,52.11602675475565,8,1,1
52,20260763,2030071153,40,SP,8.467633761093695e-08,6.143237767109992e-06,52.11602675475565,8,1,1
52,20260763,2030071153,40,IHT,0.0028867254320153373,0.2094308894028382,6.789592629253579,6,0,0
52,20260763,2030071153,40,HTP,0.004879568354402615,0.354010924984657,4.509833351851185,5,0,0
52,20260763,2030071153,40,GP,0.0028867254320153373,0.2094308894028382,6.789592629253579,6,0,0
52,20260763,2030071153,40,MP,9.487609557242179e-07,6.883226530113378e-05,41.62207937382293,8,1,1
53,20260764,2030071154,40,OMP,3.049501196605299e-07,1.81360259518237e-05,47.414578714255526,8,1,1
53,20260764,2030071154,40,GOMP,3.049501196605299e-07,1.81360259518237e-05,47.414578714255526,8,1,1
53,20260764,2030071154,40,CoSaMP,3.049501196605303e-07,1.8136025951823725e-05,47.414578714255526,8,1,1
53,20260764,2030071154,40,SP,3.049501196605303e-07,1.8136025951823725e-05,47.414578714255526,8,1,1
53,20260764,2030071154,40,IHT,1.7592429016244023e-06,0.00010462588096354626,39.80360872167179,8,1,1
53,20260764,2030071154,40,HTP,3.049501196605303e-07,1.8136025951823725e-05,47.414578714255526,8,1,1
53,20260764,2030071154,40,GP,1.7592429016244023e-06,0.00010462588096354626,39.80360872167179,8,1,1
53,20260764,2030071154,40,MP,3.10946934593892e-06,0.00018492669167379113,37.33000399765531,8,1,1
54,20260765,2030071155,40,OMP,3.305112038189854e-07,2.174123910705535e-05,46.627157076268546,8,1,1
54,20260765,2030071155,40,GOMP,0.0033828597857010886,0.22252668779981805,6.526178962823907,6,0,0
54,20260765,2030071155,40,CoSaMP,3.305112038189903e-07,2.1741239107055675e-05,46.627157076268475,8,1,1
54,20260765,2030071155,40,SP,3.305112038189903e-07,2.1741239107055675e-05,46.627157076268475,8,1,1
54,20260765,2030071155,40,IHT,0.010013372307522224,0.6586860569030485,1.813215296268889,3,0,0
54,20260765,2030071155,40,HTP,0.01000775555170395,0.6583165831005268,1.8156520482233451,3,0,0
54,20260765,2030071155,40,GP,0.010013372307522224,0.6586860569030485,1.813215296268889,3,0,0
54,20260765,2030071155,40,MP,1.7542011342872227e-06,0.00011539247644776951,39.378225061173204,8,1,1
55,20260766,2030071156,40,OMP,2.8888573707203087e-07,1.7290412387983163e-05,47.62194648386594,8,1,1
55,20260766,2030071156,40,GOMP,2.888857370720357e-07,1.729041238798345e-05,47.62194648386586,8,1,1
55,20260766,2030071156,40,CoSaMP,2.888857370720272e-07,1.7290412387982943e-05,47.621946483866,8,1,1
55,20260766,2030071156,40,SP,2.888857370720272e-07,1.7290412387982943e-05,47.621946483866,8,1,1
55,20260766,2030071156,40,IHT,0.0021588536922443552,0.12921188495684627,8.886975379370098,7,0,0
55,20260766,2030071156,40,HTP,0.002079544349820615,0.12446505581039963,9.04952561812401,7,0,0
55,20260766,2030071156,40,GP,0.0021588536922443552,0.12921188495684627,8.886975379370098,7,0,0
55,20260766,2030071156,40,MP,1.6625229284279476e-06,9.950545613066791e-05,40.0215310515904,8,1,1
56,20260767,2030071157,40,OMP,1.3675397204207113e-07,8.49615734095458e-06,50.707774534570945,8,1,1
56,20260767,2030071157,40,GOMP,1.3675397204206552e-07,8.496157340954233e-06,50.70777453457113,8,1,1
56,20260767,2030071157,40,CoSaMP,1.3675397204207087e-07,8.496157340954565e-06,50.70777453457096,8,1,1
56,20260767,2030071157,40,SP,1.3675397204207087e-07,8.496157340954565e-06,50.70777453457096,8,1,1
56,20260767,2030071157,40,IHT,4.049828331907081e-06,0.0002516049676506134,35.99280788497232,8,1,1
56,20260767,2030071157,40,HTP,1.3675397204207087e-07,8.496157340954565e-06,50.70777453457096,8,1,1
56,20260767,2030071157,40,GP,4.049828331907081e-06,0.0002516049676506134,35.99280788497232,8,1,1
56,20260767,2030071157,40,MP,3.3985891370311423e-06,0.00021114522389589177,36.75418737867388,8,1,1
57,20260768,2030071158,40,OMP,3.0879449508666555e-07,1.6403805843813488e-05,47.85055379683226,8,1,1
57,20260768,2030071158,40,GOMP,3.0879449508666735e-07,1.6403805843813586e-05,47.850553796832244,8,1,1
57,20260768,2030071158,40,CoSaMP,3.0879449508666127e-07,1.640380584381326e-05,47.85055379683232,8,1,1
57,20260768,2030071158,40,SP,3.0879449508666127e-07,1.640380584381326e-05,47.85055379683232,8,1,1
57,20260768,2030071158,40,IHT,1.7466269198099872e-06,9.278445480739481e-05,40.32524779782079,8,1,1
57,20260768,2030071158,40,HTP,3.0879449508666127e-07,1.640380584381326e-05,47.85055379683232,8,1,1
57,20260768,2030071158,40,GP,1.7466269198099872e-06,9.278445480739481e-05,40.32524779782079,8,1,1
57,20260768,2030071158,40,MP,6.494424004033801e-06,0.0003449973109127897,34.621842900290105,8,1,1
58,20260769,2030071159,40,OMP,1.4050671410524553e-07,1.344911118609405e-05,48.713064160132134,8,1,1
58,20260769,2030071159,40,GOMP,1.4050671410524646e-07,1.3449111186094138e-05,48.71306416013211,8,1,1
58,20260769,2030071159,40,CoSaMP,1.405067141052372e-07,1.3449111186093252e-05,48.7130641601324,8,1,1
58,20260769,2030071159,40,SP,1.405067141052372e-07,1.3449111186093252e-05,48.7130641601324,8,1,1
58,20260769,2030071159,40,IHT,3.535711265410706e-05,0.003384334637191448,24.70526701218001,8,1,1
58,20260769,2030071159,40,HTP,1.4050671410524e-07,1.344911118609352e-05,48.71306416013232,8,1,1
58,20260769,2030071159,40,GP,3.535711265410706e-05,0.003384334637191448,24.70526701218001,8,1,1
58,20260769,2030071159,40,MP,3.0948259788567603e-06,0.0002962325249459593,35.28367259693695,8,1,1
59,20260770,2030071160,40,OMP,3.0471448762059923e-07,2.458725013242628e-05,46.092900405615694,8,1,1
59,20260770,2030071160,40,GOMP,0.0011153259388917197,0.08999505751383274,10.457813411541249,7,0,0
59,20260770,2030071160,40,CoSaMP,3.047144876206058e-07,2.4587250132426812e-05,46.0929004056156,8,1,1
59,20260770,2030071160,40,SP,3.047144876206058e-07,2.4587250132426812e-05,46.0929004056156,8,1,1
59,20260770,2030071160,40,IHT,5.419277955521732e-07,4.372786593444169e-05,43.59241717155747,8,1,1
59,20260770,2030071160,40,HTP,3.047144876206023e-07,2.4587250132426528e-05,46.09290040561565,8,1,1
59,20260770,2030071160,40,GP,5.419277955521732e-07,4.372786593444169e-05,43.59241717155747,8,1,1
59,20260770,2030071160,40,MP,1.5339164190898376e-06,0.00012377090099291975,39.07381447590973,8,1,1
60,20260771,2030071161,40,OMP,1.20251396845395e-07,9.899652197930617e-06,50.04380063096679,8,1,1
60,20260771,2030071161,40,GOMP,1.20251396845395e-07,9.899652197930617e-06,50.04380063096679,8,1,1
60,20260771,2030071161,40,CoSaMP,1.2025139684539004e-07,9.89965219793021e-06,50.04380063096697,8,1,1
60,20260771,2030071161,40,SP,1.2025139684539004e-07,9.89965219793021e-06,50.04380063096697,8,1,1
60,20260771,2030071161,40,IHT,2.573871845334547e-06,0.00021189305687332357,36.73883273638448,8,1,1
60,20260771,2030071161,40,HTP,1.2025139684539287e-07,9.899652197930442e-06,50.04380063096687,8,1,1
60,20260771,2030071161,40,GP,2.573871845334547e-06,0.00021189305687332357,36.73883273638448,8,1,1
60,20260771,2030071161,40,MP,1.1664913930456476e-06,9.603097665367133e-05,40.17588654254571,8,1,1
61,20260772,2030071162,40,OMP,0.001182097606472807,0.056162511665178175,12.505534781942089,7,0,0
61,20260772,2030071162,40,GOMP,2.9452248629004927e-07,1.3993026025387423e-05,48.5408835813007,8,1,1
61,20260772,2030071162,40,CoSaMP,2.9452248629004847e-07,1.3993026025387386e-05,48.540883581300704,8,1,1
61,20260772,2030071162,40,SP,2.945224862900421e-07,1.3993026025387084e-05,48.54088358130079,8,1,1
61,20260772,2030071162,40,IHT,2.2590299225289317e-05,0.0010732852657961646,29.692848326514113,8,1,1
61,20260772,2030071162,40,HTP,2.945224862900517e-07,1.3993026025387538e-05,48.54088358130065,8,1,1
61,20260772,2030071162,40,GP,2.2590299225289317e-05,0.0010732852657961646,29.692848326514113,8,1,1
61,20260772,2030071162,40,MP,1.0581978725485943e-05,0.0005027592479305498,32.986399320922,8,1,1
62,20260773,2030071163,40,OMP,4.103738972415076e-07,2.0737070753377622e-05,46.83252590545345,8,1,1
62,20260773,2030071163,40,GOMP,4.103738972415121e-07,2.0737070753377852e-05,46.83252590545341,8,1,1
62,20260773,2030071163,40,CoSaMP,4.103738972414983e-07,2.073707075337715e-05,46.83252590545355,8,1,1
62,20260773,2030071163,40,SP,4.103738972414983e-07,2.073707075337715e-05,46.83252590545355,8,1,1
62,20260773,2030071163,40,IHT,6.976224437251998e-05,0.0035252354187040205,24.528118750895644,8,1,1
62,20260773,2030071163,40,HTP,4.103738972414983e-07,2.073707075337715e-05,46.83252590545355,8,1,1
62,20260773,2030071163,40,GP,6.976224437251998e-05,0.0035252354187040205,24.528118750895644,8,1,1
62,20260773,2030071163,40,MP,2.6060355032062642e-06,0.00013168854788051632,38.804519912383114,8,1,1
63,20260774,2030071164,40,OMP,9.973621247287274e-08,8.629978324986076e-06,50.639902950554465,8,1,1
63,20260774,2030071164,40,GOMP,9.973621247287563e-08,8.629978324986325e-06,50.63990295055434,8,1,1
63,20260774,2030071164,40,CoSaMP,9.973621247287515e-08,8.629978324986284e-06,50.639902950554365,8,1,1
63,20260774,2030071164,40,SP,9.973621247287515e-08,8.629978324986284e-06,50.639902950554365,8,1,1
63,20260774,2030071164,40,IHT,3.314535827430922e-06,0.0002868002668128063,35.4242044897608,8,1,1
63,20260774,2030071164,40,HTP,9.973621247287515e-08,8.629978324986284e-06,50.639902950554365,8,1,1
63,20260774,2030071164,40,GP,3.314535827430922e-06,0.0002868002668128063,35.4242044897608,8,1,1
63,20260774,2030071164,40,MP,1.108015638043934e-06,9.587441414687345e-05,40.18297276847995,8,1,1
64,20260775,2030071165,40,OMP,1.5301710803698286e-07,8.977761302126116e-06,50.46831945664992,8,1,1
64,20260775,2030071165,40,GOMP,1.5301710803698286e-07,8.977761302126116e-06,50.46831945664992,8,1,1
64,20260775,2030071165,40,CoSaMP,1.5301710803697857e-07,8.977761302125863e-06,50.46831945665005,8,1,1
64,20260775,2030071165,40,SP,1.5301710803697857e-07,8.977761302125863e-06,50.46831945665005,8,1,1
64,20260775,2030071165,40,IHT,5.557193861005893e-06,0.0003260495550712753,34.86716388096368,8,1,1
64,20260775,2030071165,40,HTP,1.5301710803698564e-07,8.977761302126278e-06,50.468319456649844,8,1,1
64,20260775,2030071165,40,GP,5.557193861005893e-06,0.0003260495550712753,34.86716388096368,8,1,1
64,20260775,2030071165,40,MP,1.6627199493630983e-06,9.755446962216325e-05,40.107528278812225,8,1,1
65,20260776,2030071166,40,OMP,3.007145968614639e-07,1.875212956756587e-05,47.26949404900245,8,1,1
65,20260776,2030071166,40,GOMP,3.0071459686146903e-07,1.875212956756619e-05,47.26949404900238,8,1,1
65,20260776,2030071166,40,CoSaMP,3.0071459686147835e-07,1.875212956756677e-05,47.26949404900224,8,1,1
65,20260776,2030071166,40,SP,3.0071459686147835e-07,1.875212956756677e-05,47.26949404900224,8,1,1
65,20260776,2030071166,40,IHT,3.990905531307856e-06,0.0002488671264916259,36.04032466694641,8,1,1
65,20260776,2030071166,40,HTP,3.0071459686147766e-07,1.8752129567566728e-05,47.269494049002255,8,1,1
65,20260776,2030071166,40,GP,3.990905531307856e-06,0.0002488671264916259,36.04032466694641,8,1,1
65,20260776,2030071166,40,MP,2.9029045442419462e-06,0.00018102095044285018,37.42271159190558,8,1,1
66,20260777,2030071167,40,OMP,9.13032607921999e-08,7.982560495029639e-06,50.97857781519116,8,1,1
66,20260777,2030071167,40,GOMP,9.130326079220127e-08,7.98256049502976e-06,50.97857781519109,8,1,1
66,20260777,2030071167,40,CoSaMP,9.130326079220342e-08,7.982560495029947e-06,50.97857781519099,8,1,1
66,20260777,2030071167,40,SP,9.130326079220342e-08,7.982560495029947e-06,50.97857781519099,8,1,1
66,20260777,2030071167,40,IHT,0.0009566816457070497,0.08364180035937392,10.775766277227712,7,0,0
66,20260777,2030071167,40,HTP,9.130326079220002e-08,7.98256049502965e-06,50.978577815191144,8,1,1
66,20260777,2030071167,40,GP,0.0009566816457070497,0.08364180035937392,10.775766277227712,7,0,0
66,20260777,2030071167,40,MP,6.610301636781436e-06,0.000577932619800904,32.38122792296502,8,1,1
67,20260778,2030071168,40,OMP,2.7594347286940443e-07,1.5668150929756773e-05,48.04982253587995,8,1,1
67,20260778,2030071168,40,GOMP,2.7594347286940443e-07,1.5668150929756773e-05,48.04982253587995,8,1,1
67,20260778,2030071168,40,CoSaMP,2.759434728694021e-07,1.566815092975664e-05,48.04982253588,8,1,1
67,20260778,2030071168,40,SP,2.759434728694021e-07,1.566815092975664e-05,48.04982253588,8,1,1
67,20260778,2030071168,40,IHT,3.0132159843352003e-06,0.00017109128306456919,37.66772116779147,8,1,1
67,20260778,2030071168,40,HTP,2.7594347286940046e-07,1.5668150929756546e-05,48.04982253588001,8,1,1
67,20260778,2030071168,40,GP,3.0132159843352003e-06,0.00017109128306456919,37.66772116779147,8,1,1
67,20260778,2030071168,40,MP,2.3318347533271775e-06,0.00013240225789168608,38.78104608691343,8,1,1
68,20260779,2030071169,40,OMP,8.793920916529393e-08,5.4283366845739875e-06,52.65333223702429,8,1,1
68,20260779,2030071169,40,GOMP,8.793920916529665e-08,5.428336684574154e-06,52.65333223702416,8,1,1
68,20260779,2030071169,40,CoSaMP,8.793920916530492e-08,5.428336684574665e-06,52.65333223702375,8,1,1
68,20260779,2030071169,40,SP,8.793920916530492e-08,5.428336684574665e-06,52.65333223702375,8,1,1
68,20260779,2030071169,40,IHT,5.093260535434409e-06,0.00031439824477638213,35.025198872066106,8,1,1
68,20260779,2030071169,40,HTP,8.793920916530492e-08,5.428336684574665e-06,52.65333223702375,8,1,1
68,20260779,2030071169,40,GP,5.093260535434409e-06,0.00031439824477638213,35.025198872066106,8,1,1
68,20260779,2030071169,40,MP,9.635620427614595e-06,0.0005947903368966573,32.25636095742802,8,1,1
69,20260780,2030071170,40,OMP,1.1593085491196193e-07,7.682806312963734e-06,51.144801154350205,8,1,1
69,20260780,2030071170,40,GOMP,1.1593085491196193e-07,7.682806312963734e-06,51.144801154350205,8,1,1
69,20260780,2030071170,40,CoSaMP,1.1593085491196424e-07,7.682806312963887e-06,51.14480115435012,8,1,1
69,20260780,2030071170,40,SP,1.1593085491196424e-07,7.682806312963887e-06,51.14480115435012,8,1,1
69,20260780,2030071170,40,IHT,3.432012717073163e-06,0.00022744151234738177,36.43130265514506,8,1,1
69,20260780,2030071170,40,HTP,1.1593085491196424e-07,7.682806312963887e-06,51.14480115435012,8,1,1
69,20260780,2030071170,40,GP,3.432012717073163e-06,0.00022744151234738177,36.43130265514506,8,1,1
69,20260780,2030071170,40,MP,1.6295712473776774e-06,0.0001079926502421195,39.666058006973785,8,1,1
70,20260781,2030071171,40,OMP,9.505611420614088e-08,9.240653805106132e-06,50.342973000023356,8,1,1
70,20260781,2030071171,40,GOMP,9.505611420614088e-08,9.240653805106132e-06,50.342973000023356,8,1,1
70,20260781,2030071171,40,CoSaMP,9.50561142061412e-08,9.240653805106164e-06,50.342973000023335,8,1,1
70,20260781,2030071171,40,SP,9.50561142061412e-08,9.240653805106164e-06,50.342973000023335,8,1,1
70,20260781,2030071171,40,IHT,1.8179538398164607e-06,0.00017672805382067697,37.52694505091703,8,1,1
70,20260781,2030071171,40,HTP,9.505611420613912e-08,9.24065380510596e-06,50.342973000023434,8,1,1
70,20260781,2030071171,40,GP,1.8179538398164607e-06,0.00017672805382067697,37.52694505091703,8,1,1
70,20260781,2030071171,40,MP,1.3140490129032276e-06,0.0001277421459165403,38.93665792484562,8,1,1
71,20260782,2030071172,40,OMP,1.8943259903032524e-07,1.1639300640210433e-05,49.340731139492064,8,1,1
71,20260782,2030071172,40,GOMP,0.002415641838756069,0.14842419807507168,8.284952888564236,6,0,0
71,20260782,2030071172,40,CoSaMP,1.894325990303306e-07,1.1639300640210763e-05,49.340731139491936,8,1,1
71,20260782,2030071172,40,SP,1.894325990303306e-07,1.1639300640210763e-05,49.340731139491936,8,1,1
71,20260782,2030071172,40,IHT,2.2197520077031182e-05,0.0013638814595069403,28.652233743416996,8,1,1
71,20260782,2030071172,40,HTP,1.894325990303306e-07,1.1639300640210763e-05,49.340731139491936,8,1,1
71,20260782,2030071172,40,GP,2.2197520077031182e-05,0.0013638814595069403,28.652233743416996,8,1,1
71,20260782,2030071172,40,MP,1.7316384196663547e-06,0.00010639699961783806,39.7307061891869,8,1,1
72,20260783,2030071173,40,OMP,2.748238143735978e-07,1.8230329026021804e-05,47.39205493007329,8,1,1
72,20260783,2030071173,40,GOMP,0.0006215312045982764,0.0412290266241745,13.847969183332506,7,0,0
72,20260783,2030071173,40,CoSaMP,2.7482381437359197e-07,1.8230329026021418e-05,47.392054930073385,8,1,1
72,20260783,2030071173,40,SP,2.7482381437359197e-07,1.8230329026021418e-05,47.392054930073385,8,1,1
72,20260783,2030071173,40,IHT,0.0014659705353201413,0.09724457562840291,10.121346145817363,7,0,0
72,20260783,2030071173,40,HTP,2.748238143735928e-07,1.8230329026021472e-05,47.39205493007337,8,1,1
72,20260783,2030071173,40,GP,0.0014659705353201413,0.09724457562840291,10.121346145817363,7,0,0
72,20260783,2030071173,40,MP,5.697107532254256e-06,0.00037791537478784083,34.22605439256065,8,1,1
73,20260784,2030071174,40,OMP,1.1434878325597756e-07,6.5277917937861895e-06,51.8523370600845,8,1,1
73,20260784,2030071174,40,GOMP,1.1434878325598165e-07,6.527791793786423e-06,51.85233706008434,8,1,1
73,20260784,2030071174,40,CoSaMP,1.143487832559705e-07,6.527791793785787e-06,51.852337060084764,8,1,1
73,20260784,2030071174,40,SP,1.143487832559705e-07,6.527791793785787e-06,51.852337060084764,8,1,1
73,20260784,2030071174,40,IHT,7.245433724242983e-06,0.0004136177181847069,33.83400865598274,8,1,1
73,20260784,2030071174,40,HTP,1.1434878325597015e-07,6.527791793785767e-06,51.85233706008478,8,1,1
73,20260784,2030071174,40,GP,7.245433724242983e-06,0.0004136177181847069,33.83400865598274,8,1,1
73,20260784,2030071174,40,MP,1.3651560744703019e-06,7.79322207584466e-05,41.08282947918431,8,1,1
74,20260785,2030071175,40,OMP,7.738390129899433e-08,5.914941269395725e-06,52.28049563209168,8,1,1
74,20260785,2030071175,40,GOMP,7.738390129899328e-08,5.9149412693956444e-06,52.28049563209173,8,1,1
74,20260785,2030071175,40,CoSaMP,7.738390129899311e-08,5.914941269395632e-06,52.28049563209174,8,1,1
74,20260785,2030071175,40,SP,7.738390129899311e-08,5.914941269395632e-06,52.28049563209174,8,1,1
74,20260785,2030071175,40,IHT,9.2053264283168e-06,0.0007036213511481075,31.526609904978113,8,1,1
74,20260785,2030071175,40,HTP,7.738390129899335e-08,5.9149412693956495e-06,52.28049563209173,8,1,1
74,20260785,2030071175,40,GP,9.2053264283168e-06,0.0007036213511481075,31.526609904978113,8,1,1
74,20260785,2030071175,40,MP,3.3672105277574736e-05,0.0025737720868352337,25.894299134581253,8,1,1
75,20260786,2030071176,40,OMP,2.2294163163355219e-07,1.5109511839749264e-05,48.20749566682014,8,1,1
75,20260786,2030071176,40,GOMP,0.0006587725346320885,0.0446472529100624,13.502052575526747,7,0,0
75,20260786,2030071176,40,CoSaMP,2.2294163163355417e-07,1.5109511839749397e-05,48.207495666820094,8,1,1
75,20260786,2030071176,40,SP,2.2294163163355417e-07,1.5109511839749397e-05,48.207495666820094,8,1,1
75,20260786,2030071176,40,IHT,2.57860012912527e-07,1.747604917731913e-05,47.57556741863117,8,1,1
75,20260786,2030071176,40,HTP,2.2294163163355417e-07,1.5109511839749397e-05,48.207495666820094,8,1,1
75,20260786,2030071176,40,GP,2.57860012912527e-07,1.747604917731913e-05,47.57556741863117,8,1,1
75,20260786,2030071176,40,MP,2.660383106758933e-06,0.00018030320203233616,37.439965605065154,8,1,1
76,20260787,2030071177,40,OMP,3.272080613631376e-07,1.938269539236188e-05,47.12585829316569,8,1,1
76,20260787,2030071177,40,GOMP,0.0010558196479580077,0.06254317372373365,12.038200844660844,7,0,0
76,20260787,2030071177,40,CoSaMP,3.2720806136312253e-07,1.9382695392360985e-05,47.12585829316589,8,1,1
76,20260787,2030071177,40,SP,3.2720806136312253e-07,1.9382695392360985e-05,47.12585829316589,8,1,1
76,20260787,2030071177,40,IHT,0.001969651067316345,0.11667544652777957,9.330205283542734,7,0,0
76,20260787,2030071177,40,HTP,3.2720806136312253e-07,1.9382695392360985e-05,47.12585829316589,8,1,1
76,20260787,2030071177,40,GP,0.001969651067316345,0.11667544652777957,9.330205283542734,7,0,0
76,20260787,2030071177,40,MP,2.1591720085845287e-06,0.0001279020240753239,38.93122582669207,8,1,1
77,20260788,2030071178,40,OMP,0.004916056182753935,0.3161746639280421,5.000729343946315,6,0,0
77,20260788,2030071178,40,GOMP,0.009260989390392035,0.5956177267502408,2.250323852730391,5,0,0
77,20260788,2030071178,40,CoSaMP,3.0050412906007626e-07,1.9326832013814325e-05,47.138393281584285,8,1,1
77,20260788,2030071178,40,SP,3.0050412906007626e-07,1.9326832013814325e-05,47.138393281584285,8,1,1
77,20260788,2030071178,40,IHT,2.2837088847026904e-06,0.00014687604500196536,38.330490304303325,8,1,1
77,20260788,2030071178,40,HTP,3.0050412906007795e-07,1.9326832013814437e-05,47.13839328158426,8,1,1
77,20260788,2030071178,40,GP,2.2837088847026904e-06,0.00014687604500196536,38.330490304303325,8,1,1
77,20260788,2030071178,40,MP,0.004253031718346016,0.27353244638267427,5.6299115032079925,6,0,0
78,20260789,2030071179,40,OMP,3.047421297885935e-07,2.5295871065428816e-05,45.96950361031233,8,1,1
78,20260789,2030071179,40,GOMP,3.0474212978859483e-07,2.5295871065428928e-05,45.969503610312316,8,1,1
78,20260789,2030071179,40,CoSaMP,3.047421297885926e-07,2.5295871065428742e-05,45.96950361031234,8,1,1
78,20260789,2030071179,40,SP,3.047421297885926e-07,2.5295871065428742e-05,45.96950361031234,8,1,1
78,20260789,2030071179,40,IHT,4.776807583117709e-06,0.0003965106787523377,34.0174511185013,8,1,1
78,20260789,2030071179,40,HTP,3.047421297885926e-07,2.5295871065428742e-05,45.96950361031234,8,1,1
78,20260789,2030071179,40,GP,4.776807583117709e-06,0.0003965106787523377,34.0174511185013,8,1,1
78,20260789,2030071179,40,MP,1.67841701520336e-06,0.0001393211383016174,38.55982985864019,8,1,1
79,20260790,2030071180,40,OMP,6.218593189795134e-08,5.769682231884718e-06,52.38848105169965,8,1,1
79,20260790,2030071180,40,GOMP,6.218593189795179e-08,5.769682231884759e-06,52.388481051699614,8,1,1
79,20260790,2030071180,40,CoSaMP,6.218593189794917e-08,5.769682231884516e-06,52.3884810516998,8,1,1
79,20260790,2030071180,40,SP,6.218593189794917e-08,5.769682231884516e-06,52.3884810516998,8,1,1
79,20260790,2030071180,40,IHT,4.227103508777185e-07,3.921955217612932e-05,44.06497369580684,8,1,1
79,20260790,2030071180,40,HTP,6.218593189794917e-08,5.769682231884516e-06,52.3884810516998,8,1,1
79,20260790,2030071180,40,GP,4.227103508777185e-07,3.921955217612932e-05,44.06497369580684,8,1,1
79,20260790,2030071180,40,MP,1.5146255667121826e-06,0.00014052870084118652,38.52234968684077,8,1,1
80,20260791,2030071181,40,OMP,3.0840458380289373e-07,1.9230439750285743e-05,47.160107844594464,8,1,1
80,20260791,2030071181,40,GOMP,3.08404583802862e-07,1.9230439750283768e-05,47.16010784459491,8,1,1
80,20260791,2030071181,40,CoSaMP,3.0840458380289865e-07,1.923043975028605e-05,47.16010784459439,8,1,1
80,20260791,2030071181,40,SP,3.0840458380289865e-07,1.923043975028605e-05,47.16010784459439,8,1,1
80,20260791,2030071181,40,IHT,1.1138530966376893e-06,6.94538472853895e-05,41.58303692208051,8,1,1
80,20260791,2030071181,40,HTP,3.084045838028838e-07,1.9230439750285123e-05,47.160107844594606,8,1,1
80,20260791,2030071181,40,GP,1.1138530966376893e-06,6.94538472853895e-05,41.58303692208051,8,1,1
80,20260791,2030071181,40,MP,2.5359027544789948e-06,0.00015812516315827339,38.00999013361838,8,1,1
81,20260792,2030071182,40,OMP,3.2082666609768346e-07,2.1271370549877234e-05,46.722045268780484,8,1,1
81,20260792,2030071182,40,GOMP,3.208266660976782e-07,2.1271370549876885e-05,46.722045268780555,8,1,1
81,20260792,2030071182,40,CoSaMP,3.2082666609768945e-07,2.127137054987763e-05,46.722045268780406,8,1,1
81,20260792,2030071182,40,SP,3.2082666609768945e-07,2.127137054987763e-05,46.722045268780406,8,1,1
81,20260792,2030071182,40,IHT,2.0274876503901356e-05,0.0013442598653447754,28.71516767609574,8,1,1
81,20260792,2030071182,40,HTP,3.2082666609767923e-07,2.1271370549876953e-05,46.72204526878054,8,1,1
81,20260792,2030071182,40,GP,2.0274876503901356e-05,0.0013442598653447754,28.71516767609574,8,1,1
81,20260792,2030071182,40,MP,2.054093502100403e-06,0.00013619000115772543,38.6585477642785,8,1,1
82,20260793,2030071183,40,OMP,1.8929158416738043e-07,1.078493532513824e-05,49.67182454921176,8,1,1
82,20260793,2030071183,40,GOMP,1.8929158416737977e-07,1.0784935325138203e-05,49.671824549211784,8,1,1
82,20260793,2030071183,40,CoSaMP,1.892915841673726e-07,1.0784935325137793e-05,49.67182454921194,8,1,1
82,20260793,2030071183,40,SP,1.892915841673726e-07,1.0784935325137793e-05,49.67182454921194,8,1,1
82,20260793,2030071183,40,IHT,6.972330808282887e-06,0.00039725029067487667,34.009357763397176,8,1,1
82,20260793,2030071183,40,HTP,1.8929158416737966e-07,1.0784935325138196e-05,49.671824549211784,8,1,1
82,20260793,2030071183,40,GP,6.972330808282887e-06,0.00039725029067487667,34.009357763397176,8,1,1
82,20260793,2030071183,40,MP,1.2935233264243325e-06,7.369881486494596e-05,41.32539495882504,8,1,1
83,20260794,2030071184,40,OMP,1.1989639698587505e-07,7.516027429205439e-06,51.24011643641918,8,1,1
83,20260794,2030071184,40,GOMP,1.1989639698587476e-07,7.516027429205421e-06,51.240116436419186,8,1,1
83,20260794,2030071184,40,CoSaMP,1.1989639698587857e-07,7.51602742920566e-06,51.24011643641906,8,1,1
83,20260794,2030071184,40,SP,1.1989639698588162e-07,7.516027429205851e-06,51.24011643641894,8,1,1
83,20260794,2030071184,40,IHT,3.540891721526898e-05,0.0022197030079209095,26.537051294455367,8,1,1
83,20260794,2030071184,40,HTP,1.1989639698587857e-07,7.51602742920566e-06,51.24011643641906,8,1,1
83,20260794,2030071184,40,GP,3.540891721526898e-05,0.0022197030079209095,26.537051294455367,8,1,1
83,20260794,2030071184,40,MP,1.7122900366694391e-06,0.00010733949648110658,39.6924044627639,8,1,1
84,20260795,2030071185,40,OMP,0.00268453049329579,0.18284542803731024,7.379158945164845,7,0,0
84,20260795,2030071185,40,GOMP,1.5059286358282747e-07,1.0256995280899735e-05,49.88979844296522,8,1,1
84,20260795,2030071185,40,CoSaMP,1.505928635828173e-07,1.0256995280899043e-05,49.889798442965514,8,1,1
84,20260795,2030071185,40,SP,1.505928635828171e-07,1.0256995280899029e-05,49.88979844296552,8,1,1
84,20260795,2030071185,40,IHT,0.009401863592800395,0.6403681303926902,1.935702900241325,4,0,0
84,20260795,2030071185,40,HTP,0.00941298592970923,0.6411256812783851,1.9305682643227526,4,0,0
84,20260795,2030071185,40,GP,0.009401863592800395,0.6403681303926902,1.935702900241325,4,0,0
84,20260795,2030071185,40,MP,0.0013818417608355666,0.09411830071247039,10.263259225272465,8,1,0
85,20260796,2030071186,40,OMP,1.1439884351660926e-07,8.084347278071733e-06,50.9235503883427,8,1,1
85,20260796,2030071186,40,GOMP,1.1439884351660926e-07,8.084347278071733e-06,50.9235503883427,8,1,1
85,20260796,2030071186,40,CoSaMP,1.1439884351661276e-07,8.08434727807198e-06,50.92355038834256,8,1,1
85,20260796,2030071186,40,SP,1.1439884351661276e-07,8.08434727807198e-06,50.92355038834256,8,1,1
85,20260796,2030071186,40,IHT,1.1492486541134583e-05,0.0008121520238411165,30.90362669113981,8,1,1
85,20260796,2030071186,40,HTP,1.1439884351660996e-07,8.084347278071782e-06,50.92355038834267,8,1,1
85,20260796,2030071186,40,GP,1.1492486541134583e-05,0.0008121520238411165,30.90362669113981,8,1,1
85,20260796,2030071186,40,MP,2.0740125855577756e-06,0.0001465664991473988,38.339652854797734,8,1,1
86,20260797,2030071187,40,OMP,4.287268160628651e-07,2.1778815348122745e-05,46.61965747250846,8,1,1
86,20260797,2030071187,40,GOMP,4.2872681606285047e-07,2.1778815348122003e-05,46.61965747250861,8,1,1
86,20260797,2030071187,40,CoSaMP,4.2872681606284327e-07,2.1778815348121637e-05,46.61965747250868,8,1,1
86,20260797,2030071187,40,SP,4.2872681606284327e-07,2.1778815348121637e-05,46.61965747250868,8,1,1
86,20260797,2030071187,40,IHT,0.00020618144279521127,0.010473773514059835,19.79896821560896,8,1,0
86,20260797,2030071187,40,HTP,4.2872681606284624e-07,2.177881534812179e-05,46.61965747250865,8,1,1
86,20260797,2030071187,40,GP,0.00020618144279521127,0.010473773514059835,19.79896821560896,8,1,0
86,20260797,2030071187,40,MP,2.6347287950664263e-06,0.00013384110760106897,38.73410478030105,8,1,1
87,20260798,2030071188,40,OMP,3.946102848862978e-07,2.6868154263718598e-05,45.707621668610095,8,1,1
87,20260798,2030071188,40,GOMP,3.946102848862978e-07,2.6868154263718598e-05,45.707621668610095,8,1,1
87,20260798,2030071188,40,CoSaMP,3.9461028488630593e-07,2.686815426371915e-05,45.70762166861001,8,1,1
87,20260798,2030071188,40,SP,3.9461028488630593e-07,2.686815426371915e-05,45.70762166861001,8,1,1
87,20260798,2030071188,40,IHT,0.0024844716046002685,0.16916225677053148,7.716965296232042,6,0,0
87,20260798,2030071188,40,HTP,0.0024712770310390177,0.16826386701368615,7.740091344183454,6,0,0
87,20260798,2030071188,40,GP,0.0024844716046002685,0.16916225677053148,7.716965296232042,6,0,0
87,20260798,2030071188,40,MP,2.6226568359419452e-06,0.00017857098800450226,37.481890984879186,8,1,1
88,20260799,2030071189,40,OMP,4.060721526904117e-08,3.0337046273509184e-06,55.18026706000258,8,1,1
88,20260799,2030071189,40,GOMP,4.060721526904073e-08,3.0337046273508857e-06,55.18026706000263,8,1,1
88,20260799,2030071189,40,CoSaMP,4.060721526904706e-08,3.0337046273513584e-06,55.18026706000195,8,1,1
88,20260799,2030071189,40,SP,4.060721526904706e-08,3.0337046273513584e-06,55.18026706000195,8,1,1
88,20260799,2030071189,40,IHT,2.3630591678326805e-06,0.00017654063408833415,37.53155317872335,8,1,1
88,20260799,2030071189,40,HTP,4.060721526904706e-08,3.0337046273513584e-06,55.18026706000195,8,1,1
88,20260799,2030071189,40,GP,2.3630591678326805e-06,0.00017654063408833415,37.53155317872335,8,1,1
88,20260799,2030071189,40,MP,1.3698048114755236e-06,0.00010233607913293807,39.89971226444899,8,1,1
89,20260800,2030071190,40,OMP,1.6337078595177733e-07,1.016717790405414e-05,49.92799577143948,8,1,1
89,20260800,2030071190,40,GOMP,1.6337078595177162e-07,1.0167177904053784e-05,49.927995771439626,8,1,1
89,20260800,2030071190,40,CoSaMP,1.6337078595177008e-07,1.0167177904053688e-05,49.92799577143967,8,1,1
89,20260800,2030071190,40,SP,1.6337078595177008e-07,1.0167177904053688e-05,49.92799577143967,8,1,1
89,20260800,2030071190,40,IHT,4.827180946789647e-07,3.004136092946115e-05,45.22280396875348,8,1,1
89,20260800,2030071190,40,HTP,1.6337078595177543e-07,1.0167177904054021e-05,49.92799577143953,8,1,1
89,20260800,2030071190,40,GP,4.827180946789647e-07,3.004136092946115e-05,45.22280396875348,8,1,1
89,20260800,2030071190,40,MP,1.5770069165406925e-06,9.81430662953767e-05,40.08140377429498,8,1,1
90,20260801,2030071191,40,OMP,2.0774497664208973e-07,1.7190430062653525e-05,47.64713258187818,8,1,1
90,20260801,2030071191,40,GOMP,2.077449766420932e-07,1.7190430062653813e-05,47.64713258187811,8,1,1
90,20260801,2030071191,40,CoSaMP,2.0774497664209677e-07,1.7190430062654108e-05,47.64713258187804,8,1,1
90,20260801,2030071191,40,SP,2.0774497664209317e-07,1.719043006265381e-05,47.64713258187811,8,1,1
90,20260801,2030071191,40,IHT,1.7374934294312184e-06,0.0001437736775431902,38.4232061843263,8,1,1
90,20260801,2030071191,40,HTP,2.0774497664209317e-07,1.719043006265381e-05,47.64713258187811,8,1,1
90,20260801,2030071191,40,GP,1.7374934294312184e-06,0.0001437736775431902,38.4232061843263,8,1,1
90,20260801,2030071191,40,MP,9.522212167707105e-07,7.879416626892973e-05,41.035059354419126,8,1,1
91,20260802,2030071192,40,OMP,2.539859498003993e-07,1.8290873870199394e-05,47.37765545046307,8,1,1
91,20260802,2030071192,40,GOMP,2.539859498003994e-07,1.8290873870199404e-05,47.37765545046307,8,1,1
91,20260802,2030071192,40,CoSaMP,2.539859498003967e-07,1.8290873870199208e-05,47.37765545046311,8,1,1
91,20260802,2030071192,40,SP,2.539859498003967e-07,1.8290873870199208e-05,47.37765545046311,8,1,1
91,20260802,2030071192,40,IHT,4.919995855063942e-07,3.543149678066834e-05,44.50610500789759,8,1,1
91,20260802,2030071192,40,HTP,2.539859498003967e-07,1.8290873870199208e-05,47.37765545046311,8,1,1
91,20260802,2030071192,40,GP,4.919995855063942e-07,3.543149678066834e-05,44.50610500789759,8,1,1
91,20260802,2030071192,40,MP,2.7963778507023618e-06,0.00020138198432162154,36.959793841283314,8,1,1
92,20260803,2030071193,40,OMP,1.1911722679603381e-07,9.302340892997643e-06,50.31407749404691,8,1,1
92,20260803,2030071193,40,GOMP,1.1911722679603381e-07,9.302340892997643e-06,50.31407749404691,8,1,1
92,20260803,2030071193,40,CoSaMP,1.191172267960321e-07,9.302340892997509e-06,50.31407749404697,8,1,1
92,20260803,2030071193,40,SP,1.191172267960321e-07,9.302340892997509e-06,50.31407749404697,8,1,1
92,20260803,2030071193,40,IHT,9.129521180329434e-07,7.129608411274257e-05,41.46934322811953,8,1,1
92,20260803,2030071193,40,HTP,1.191172267960321e-07,9.302340892997509e-06,50.31407749404697,8,1,1
92,20260803,2030071193,40,GP,9.129521180329434e-07,7.129608411274257e-05,41.46934322811953,8,1,1
92,20260803,2030071193,40,MP,1.7055264715243846e-06,0.0001331913868958501,38.75523858833506,8,1,1
93,20260804,2030071194,40,OMP,2.764334961947271e-07,1.5081810064899999e-05,48.21546532867867,8,1,1
93,20260804,2030071194,40,GOMP,2.764334961947271e-07,1.5081810064899999e-05,48.21546532867867,8,1,1
93,20260804,2030071194,40,CoSaMP,2.764334961947219e-07,1.5081810064899714e-05,48.21546532867875,8,1,1
93,20260804,2030071194,40,SP,2.764334961947219e-07,1.5081810064899714e-05,48.21546532867875,8,1,1
93,20260804,2030071194,40,IHT,2.558013286397394e-07,1.3956148968922255e-05,48.55234403509136,8,1,1
93,20260804,2030071194,40,HTP,2.7643349619472157e-07,1.5081810064899697e-05,48.21546532867876,8,1,1
93,20260804,2030071194,40,GP,2.558013286397394e-07,1.3956148968922255e-05,48.55234403509136,8,1,1
93,20260804,2030071194,40,MP,1.3336449284915901e-06,7.276173033444046e-05,41.38096981601903,8,1,1
94,20260805,2030071195,40,OMP,1.9200405957444684e-07,9.198103664791089e-06,50.36301700133471,8,1,1
94,20260805,2030071195,40,GOMP,1.9200405957444438e-07,9.19810366479097e-06,50.36301700133477,8,1,1
94,20260805,2030071195,40,CoSaMP,1.9200405957444954e-07,9.198103664791218e-06,50.36301700133465,8,1,1
94,20260805,2030071195,40,SP,1.9200405957444954e-07,9.198103664791218e-06,50.36301700133465,8,1,1
94,20260805,2030071195,40,IHT,1.7205395652422246e-07,8.24237847655319e-06,50.83947447260506,8,1,1
94,20260805,2030071195,40,HTP,1.9200405957444954e-07,9.198103664791218e-06,50.36301700133465,8,1,1
94,20260805,2030071195,40,GP,1.7205395652422246e-07,8.24237847655319e-06,50.83947447260506,8,1,1
94,20260805,2030071195,40,MP,2.573788867010115e-06,0.0001232993555579745,39.09039193301649,8,1,1
95,20260806,2030071196,40,OMP,1.1711423910081021e-07,7.447324686088408e-06,51.2799971151145,8,1,1
95,20260806,2030071196,40,GOMP,1.1711423910081021e-07,7.447324686088408e-06,51.2799971151145,8,1,1
95,20260806,2030071196,40,CoSaMP,1.1711423910081256e-07,7.447324686088556e-06,51.27999711511442,8,1,1
95,20260806,2030071196,40,SP,1.1711423910081256e-07,7.447324686088556e-06,51.27999711511442,8,1,1
95,20260806,2030071196,40,IHT,2.1831207240215812e-06,0.0001388252102011449,38.575316602711844,8,1,1
95,20260806,2030071196,40,HTP,1.1711423910081256e-07,7.447324686088556e-06,51.27999711511442,8,1,1
95,20260806,2030071196,40,GP,2.1831207240215812e-06,0.0001388252102011449,38.575316602711844,8,1,1
95,20260806,2030071196,40,MP,3.4510762699805995e-06,0.00021945483056827218,36.586548551650736,8,1,1
96,20260807,2030071197,40,OMP,5.6631345918159283e-08,4.994426513055836e-06,53.015143726059826,8,1,1
96,20260807,2030071197,40,GOMP,5.6631345918162427e-08,4.994426513056114e-06,53.015143726059584,8,1,1
96,20260807,2030071197,40,CoSaMP,5.6631345918157166e-08,4.99442651305565e-06,53.01514372605999,8,1,1
96,20260807,2030071197,40,SP,5.6631345918157166e-08,4.99442651305565e-06,53.01514372605999,8,1,1
96,20260807,2030071197,40,IHT,8.24491398787222e-06,0.0007271347051931835,31.38385126551022,8,1,1
96,20260807,2030071197,40,HTP,5.663134591816257e-08,4.994426513056127e-06,53.01514372605958,8,1,1
96,20260807,2030071197,40,GP,8.24491398787222e-06,0.0007271347051931835,31.38385126551022,8,1,1
96,20260807,2030071197,40,MP,2.731917494936636e-06,0.00024093301946082564,36.181036766021585,8,1,1
97,20260808,2030071198,40,OMP,2.0756623503893924e-07,1.523651847622086e-05,48.171142573598345,8,1,1
97,20260808,2030071198,40,GOMP,2.0756623503893847e-07,1.5236518476220805e-05,48.17114257359836,8,1,1
97,20260808,2030071198,40,CoSaMP,2.07566235038944e-07,1.523651847622121e-05,48.171142573598246,8,1,1
97,20260808,2030071198,40,SP,2.07566235038944e-07,1.523651847622121e-05,48.171142573598246,8,1,1
97,20260808,2030071198,40,IHT,7.164168449112631e-07,5.258898920683578e-05,42.79105176517067,8,1,1
97,20260808,2030071198,40,HTP,2.07566235038944e-07,1.523651847622121e-05,48.171142573598246,8,1,1
97,20260808,2030071198,40,GP,7.164168449112631e-07,5.258898920683578e-05,42.79105176517067,8,1,1
97,20260808,2030071198,40,MP,1.264042154354772e-06,9.278773898816164e-05,40.325094078499426,8,1,1
98,20260809,2030071199,40,OMP,1.3213375961653504e-07,8.344330086632788e-06,50.78608524336115,8,1,1
98,20260809,2030071199,40,GOMP,1.321337596165378e-07,8.344330086632962e-06,50.78608524336106,8,1,1
98,20260809,2030071199,40,CoSaMP,1.321337596165378e-07,8.344330086632962e-06,50.78608524336106,8,1,1
98,20260809,2030071199,40,SP,1.321337596165378e-07,8.344330086632962e-06,50.78608524336106,8,1,1
98,20260809,2030071199,40,IHT,5.933812127562901e-07,3.747239706804918e-05,44.26288524676981,8,1,1
98,20260809,2030071199,40,HTP,1.3213375961653562e-07,8.344330086632825e-06,50.78608524336113,8,1,1
98,20260809,2030071199,40,GP,5.933812127562901e-07,3.747239706804918e-05,44.26288524676981,8,1,1
98,20260809,2030071199,40,MP,3.067155842632881e-06,0.00019369282197333597,37.12886473422002,8,1,1
99,20260810,2030071200,40,OMP,1.0430132840786259e-07,8.881466356027053e-06,50.515153250145424,8,1,1
99,20260810,2030071200,40,GOMP,1.0430132840786259e-07,8.881466356027053e-06,50.515153250145424,8,1,1
99,20260810,2030071200,40,CoSaMP,1.0430132840785918e-07,8.881466356026764e-06,50.515153250145566,8,1,1
99,20260810,2030071200,40,SP,1.0430132840785918e-07,8.881466356026764e-06,50.515153250145566,8,1,1
99,20260810,2030071200,40,IHT,3.701333325098632e-07,3.1517592250365954e-05,45.01446967334776,8,1,1
99,20260810,2030071200,40,HTP,1.0430132840785918e-07,8.881466356026764e-06,50.515153250145566,8,1,1
99,20260810,2030071200,40,GP,3.701333325098632e-07,3.1517592250365954e-05,45.01446967334776,8,1,1
99,20260810,2030071200,40,MP,1.4761270299435609e-06,0.00012569516375093056,39.006814319138044,8,1,1
